county_name,state_name,area_land
Autauga County,Alabama,1539602137
Baldwin County,Alabama,4117621645
Barbour County,Alabama,2292160139
Bibb County,Alabama,1612167476
Blount County,Alabama,1670103866
Bullock County,Alabama,1613076054
Butler County,Alabama,2012002531
Calhoun County,Alabama,1569195268
Chambers County,Alabama,1545085607
Cherokee County,Alabama,1433623319
Chilton County,Alabama,1794477075
Choctaw County,Alabama,2365869841
Clarke County,Alabama,3207494106
Clay County,Alabama,1564251834
Cleburne County,Alabama,1450663786
Coffee County,Alabama,1758565919
Colbert County,Alabama,1535202321
Conecuh County,Alabama,2202007855
Coosa County,Alabama,1685850815
Covington County,Alabama,2669134207
Crenshaw County,Alabama,1576952799
Cullman County,Alabama,1902970816
Dale County,Alabama,1453244559
Dallas County,Alabama,2534919607
DeKalb County,Alabama,2012676480
Elmore County,Alabama,1601768864
Escambia County,Alabama,2448115116
Etowah County,Alabama,1385871922
Fayette County,Alabama,1625693288
Franklin County,Alabama,1641841404
Geneva County,Alabama,1487897665
Greene County,Alabama,1675782059
Hale County,Alabama,1667917734
Henry County,Alabama,1454926622
Houston County,Alabama,1501819549
Jackson County,Alabama,2791974032
Jefferson County,Alabama,2878552100
Lamar County,Alabama,1566544637
Lauderdale County,Alabama,1730146078
Lawrence County,Alabama,1788864251
Lee County,Alabama,1573514768
Limestone County,Alabama,1450277886
Lowndes County,Alabama,1854201377
Macon County,Alabama,1576855716
Madison County,Alabama,2076111961
Marengo County,Alabama,2530140237
Marion County,Alabama,1922657342
Marshall County,Alabama,1465531863
Mobile County,Alabama,3184158350
Monroe County,Alabama,2656469660
Montgomery County,Alabama,2034017780
Morgan County,Alabama,1501156832
Perry County,Alabama,1863900621
Pickens County,Alabama,2282674053
Pike County,Alabama,1740647520
Randolph County,Alabama,1503615937
Russell County,Alabama,1660622936
St. Clair County,Alabama,1635786810
Shelby County,Alabama,2034134905
Sumter County,Alabama,2340898915
Talladega County,Alabama,1908293036
Tallapoosa County,Alabama,1855782851
Tuscaloosa County,Alabama,3421010003
Walker County,Alabama,2048686078
Washington County,Alabama,2797720322
Wilcox County,Alabama,2301075085
Winston County,Alabama,1587614057
Aleutians East Borough,Alaska,18091501984
Aleutians West Census Area,Alaska,11381568820
Anchorage Municipality,Alaska,4420591351
Bethel Census Area,Alaska,105232821617
Bristol Bay Borough,Alaska,1248324004
Denali Borough,Alaska,32729577049
Dillingham Census Area,Alaska,47478730849
Fairbanks North Star Borough,Alaska,18983544936
Haines Borough,Alaska,6072297430
Hoonah-Angoon Census Area,Alaska,16981186974
Juneau City and Borough,Alaska,7003264582
Kenai Peninsula Borough,Alaska,41499872077
Ketchikan Gateway Borough,Alaska,12579378509
Kodiak Island Borough,Alaska,17133712542
Kusilvak Census Area,Alaska,44222017663
Lake and Peninsula Borough,Alaska,61912947833
Matanuska-Susitna Borough,Alaska,64009263421
Nome Census Area,Alaska,59492073779
North Slope Borough,Alaska,230054247231
Northwest Arctic Borough,Alaska,92369226065
Petersburg Borough,Alaska,7512659027
Prince of Wales-Hyder Census Area,Alaska,13633096724
Sitka City and Borough,Alaska,7433305220
Skagway Municipality,Alaska,1123881121
Southeast Fairbanks Census Area,Alaska,64290716362
Valdez-Cordova Census Area,Alaska,88634209842
Wrangell City and Borough,Alaska,6619997018
Yakutat City and Borough,Alaska,19744199352
Yukon-Koyukuk Census Area,Alaska,377038836685
Apache County,Arizona,29002035366
Cochise County,Arizona,16083174724
Coconino County,Arizona,48217246133
Gila County,Arizona,12323152721
Graham County,Arizona,11970605964
Greenlee County,Arizona,4771123868
La Paz County,Arizona,11645512187
Maricopa County,Arizona,23829622328
Mohave County,Arizona,34529358909
Navajo County,Arizona,25770517979
Pima County,Arizona,23798597214
Pinal County,Arizona,13897997152
Santa Cruz County,Arizona,3201833002
Yavapai County,Arizona,21038727465
Yuma County,Arizona,14280777606
Arkansas County,Arkansas,2561013146
Ashley County,Arkansas,2396668938
Baxter County,Arkansas,1435504137
Benton County,Arkansas,2196053836
Boone County,Arkansas,1528080514
Bradley County,Arkansas,1681512201
Calhoun County,Arkansas,1627975429
Carroll County,Arkansas,1631823636
Chicot County,Arkansas,1669835058
Clark County,Arkansas,2243130283
Clay County,Arkansas,1656214474
Cleburne County,Arkansas,1434077953
Cleveland County,Arkansas,1548239710
Columbia County,Arkansas,1983887989
Conway County,Arkansas,1430388148
Craighead County,Arkansas,1831907088
Crawford County,Arkansas,1537849721
Crittenden County,Arkansas,1580882918
Cross County,Arkansas,1596421810
Dallas County,Arkansas,1728522507
Desha County,Arkansas,1989461618
Drew County,Arkansas,2145488990
Faulkner County,Arkansas,1678199700
Franklin County,Arkansas,1576909749
Fulton County,Arkansas,1601099815
Garland County,Arkansas,1755025617
Grant County,Arkansas,1636384327
Greene County,Arkansas,1496205800
Hempstead County,Arkansas,1884271055
Hot Spring County,Arkansas,1593594553
Howard County,Arkansas,1524380362
Independence County,Arkansas,1978814985
Izard County,Arkansas,1503735021
Jackson County,Arkansas,1641629489
Jefferson County,Arkansas,2253424970
Johnson County,Arkansas,1708980734
Lafayette County,Arkansas,1368278171
Lawrence County,Arkansas,1521913730
Lee County,Arkansas,1560781755
Lincoln County,Arkansas,1454383536
Little River County,Arkansas,1378511385
Logan County,Arkansas,1834415737
Lonoke County,Arkansas,1997848802
Madison County,Arkansas,2160720581
Marion County,Arkansas,1546110609
Miller County,Arkansas,1620637610
Mississippi County,Arkansas,2332481583
Monroe County,Arkansas,1572467982
Montgomery County,Arkansas,2019984639
Nevada County,Arkansas,1600206102
Newton County,Arkansas,2126132564
Ouachita County,Arkansas,1897898727
Perry County,Arkansas,1428530422
Phillips County,Arkansas,1801669169
Pike County,Arkansas,1555611456
Poinsett County,Arkansas,1964149129
Polk County,Arkansas,2220863254
Pope County,Arkansas,2104407172
Prairie County,Arkansas,1677973068
Pulaski County,Arkansas,1964339922
Randolph County,Arkansas,1689251373
St. Francis County,Arkansas,1644019105
Saline County,Arkansas,1874047317
Scott County,Arkansas,2311217233
Searcy County,Arkansas,1724955843
Sebastian County,Arkansas,1375720610
Sevier County,Arkansas,1464132101
Sharp County,Arkansas,1565401499
Stone County,Arkansas,1570754768
Union County,Arkansas,2691655893
Van Buren County,Arkansas,1838244470
Washington County,Arkansas,2439709563
White County,Arkansas,2680828175
Woodruff County,Arkansas,1519769776
Yell County,Arkansas,2408958968
Alameda County,California,1909614756
Alpine County,California,1912292608
Amador County,California,1539933596
Butte County,California,4238488156
Calaveras County,California,2641784992
Colusa County,California,2980332742
Contra Costa County,California,1857229826
Del Norte County,California,2606117982
El Dorado County,California,4423299441
Fresno County,California,15432139300
Glenn County,California,3403160291
Humboldt County,California,9241426488
Imperial County,California,10814594615
Inyo County,California,26410680788
Kern County,California,21062540828
Kings County,California,3600883803
Lake County,California,3254349190
Lassen County,California,11761615584
Los Angeles County,California,10511861492
Madera County,California,5534617472
Marin County,California,1347950152
Mariposa County,California,3752472150
Mendocino County,California,9081426663
Merced County,California,5014506620
Modoc County,California,10225096402
Mono County,California,7896838483
Monterey County,California,8499616876
Napa County,California,1937986794
Nevada County,California,2480587338
Orange County,California,2053367783
Placer County,California,3644306246
Plumas County,California,6612400910
Riverside County,California,18671212657
Sacramento County,California,2499983887
San Benito County,California,3596591082
San Bernardino County,California,51975576263
San Diego County,California,10904373558
San Francisco County,California,121477743
San Joaquin County,California,3606127799
San Luis Obispo County,California,8548557892
San Mateo County,California,1161957020
Santa Barbara County,California,7084063392
Santa Clara County,California,3343890934
Santa Cruz County,California,1152794691
Shasta County,California,9778407493
Sierra County,California,2468694583
Siskiyou County,California,16261933244
Solano County,California,2128488719
Sonoma County,California,4080764059
Stanislaus County,California,3874667416
Sutter County,California,1560546528
Tehama County,California,7638228749
Trinity County,California,8234265082
Tulare County,California,12494889125
Tuolumne County,California,5752029633
Ventura County,California,4771987962
Yolo County,California,2628144759
Yuba County,California,1636913845
Adams County,Colorado,3020716474
Alamosa County,Colorado,1871465874
Arapahoe County,Colorado,2066706152
Archuleta County,Colorado,3496712109
Baca County,Colorado,6617400568
Bent County,Colorado,3918255147
Boulder County,Colorado,1881309466
Broomfield County,Colorado,85478765
Chaffee County,Colorado,2624715697
Cheyenne County,Colorado,4605713960
Clear Creek County,Colorado,1023234039
Conejos County,Colorado,3334423894
Costilla County,Colorado,3179452298
Crowley County,Colorado,2039427872
Custer County,Colorado,1913031921
Delta County,Colorado,2958090985
Denver County,Colorado,397024773
Dolores County,Colorado,2763958510
Douglas County,Colorado,2176240583
Eagle County,Colorado,4362757834
Elbert County,Colorado,4793643980
El Paso County,Colorado,5508514019
Fremont County,Colorado,3970664378
Garfield County,Colorado,7633795354
Gilpin County,Colorado,388556733
Grand County,Colorado,4782273598
Gunnison County,Colorado,8389338078
Hinsdale County,Colorado,2893614473
Huerfano County,Colorado,4120756304
Jackson County,Colorado,4179530230
Jefferson County,Colorado,1979623397
Kiowa County,Colorado,4578603586
Kit Carson County,Colorado,5596501939
Lake County,Colorado,976215867
La Plata County,Colorado,4376255148
Larimer County,Colorado,6723025059
Las Animas County,Colorado,12361852579
Lincoln County,Colorado,6676158660
Logan County,Colorado,4761947979
Mesa County,Colorado,8621849401
Mineral County,Colorado,2268209075
Moffat County,Colorado,12284943819
Montezuma County,Colorado,5255990025
Montrose County,Colorado,5804023558
Morgan County,Colorado,3316441486
Otero County,Colorado,3268424427
Ouray County,Colorado,1402719363
Park County,Colorado,5682182508
Phillips County,Colorado,1781724976
Pitkin County,Colorado,2514104907
Prowers County,Colorado,4243429484
Pueblo County,Colorado,6179964847
Rio Blanco County,Colorado,8342275014
Rio Grande County,Colorado,2361956092
Routt County,Colorado,6117602807
Saguache County,Colorado,8206547705
San Juan County,Colorado,1003660672
San Miguel County,Colorado,3332606082
Sedgwick County,Colorado,1419419016
Summit County,Colorado,1575590637
Teller County,Colorado,1442732301
Washington County,Colorado,6521806798
Weld County,Colorado,10320918528
Yuma County,Colorado,6123763561
Fairfield County,Connecticut,1618659464
Hartford County,Connecticut,1903543898
Litchfield County,Connecticut,2384120288
Middlesex County,Connecticut,956493754
New Haven County,Connecticut,1565683007
New London County,Connecticut,1722711022
Tolland County,Connecticut,1062807466
Windham County,Connecticut,1328478482
Kent County,Delaware,1517888728
New Castle County,Delaware,1104157957
Sussex County,Delaware,2424573396
District of Columbia,District of Columbia,158340389
Alachua County,Florida,2267634813
Baker County,Florida,1515738968
Bay County,Florida,1964743641
Bradford County,Florida,761362115
Brevard County,Florida,2628793422
Broward County,Florida,3115289087
Calhoun County,Florida,1469394565
Charlotte County,Florida,1764058559
Citrus County,Florida,1507142302
Clay County,Florida,1565946418
Collier County,Florida,5172045734
Columbia County,Florida,2065648366
DeSoto County,Florida,1649027549
Dixie County,Florida,1826222177
Duval County,Florida,1975200913
Escambia County,Florida,1701552902
Flagler County,Florida,1256519820
Franklin County,Florida,1411908392
Gadsden County,Florida,1337233845
Gilchrist County,Florida,905705573
Glades County,Florida,2089001842
Gulf County,Florida,1433401108
Hamilton County,Florida,1330689567
Hardee County,Florida,1651311553
Hendry County,Florida,2994619266
Hernando County,Florida,1224962206
Highlands County,Florida,2635685460
Hillsborough County,Florida,2646772012
Holmes County,Florida,1240232912
Indian River County,Florida,1302203837
Jackson County,Florida,2378066187
Jefferson County,Florida,1549012954
Lafayette County,Florida,1407256297
Lake County,Florida,2462450874
Lee County,Florida,2023963480
Leon County,Florida,1727237331
Levy County,Florida,2896183010
Liberty County,Florida,2164099094
Madison County,Florida,1804001484
Manatee County,Florida,1925994820
Marion County,Florida,4113978836
Martin County,Florida,1408486860
Miami-Dade County,Florida,4920565755
Monroe County,Florida,2546034512
Nassau County,Florida,1680074659
Okaloosa County,Florida,2409272023
Okeechobee County,Florida,1992107752
Orange County,Florida,2335820971
Osceola County,Florida,3438372945
Palm Beach County,Florida,5087468869
Pasco County,Florida,1933633890
Pinellas County,Florida,709079114
Polk County,Florida,4655603728
Putnam County,Florida,1885167063
St. Johns County,Florida,1555456032
St. Lucie County,Florida,1480568023
Santa Rosa County,Florida,2622050628
Sarasota County,Florida,1439998180
Seminole County,Florida,801150340
Sumter County,Florida,1442966763
Suwannee County,Florida,1783342112
Taylor County,Florida,2702180425
Union County,Florida,630804540
Volusia County,Florida,2852204344
Wakulla County,Florida,1570615733
Walton County,Florida,2687740188
Washington County,Florida,1514305977
Appling County,Georgia,1316423275
Atkinson County,Georgia,887636792
Bacon County,Georgia,735776603
Baker County,Georgia,885665383
Baldwin County,Georgia,670027542
Banks County,Georgia,601022383
Barrow County,Georgia,417082276
Bartow County,Georgia,1188568909
Ben Hill County,Georgia,647812569
Berrien County,Georgia,1174237672
Bibb County,Georgia,645938978
Bleckley County,Georgia,559106469
Brantley County,Georgia,1147949245
Brooks County,Georgia,1277341272
Bryan County,Georgia,1133242924
Bulloch County,Georgia,1750705245
Burke County,Georgia,2142010451
Butts County,Georgia,475754783
Calhoun County,Georgia,726191502
Camden County,Georgia,1632512482
Candler County,Georgia,629520839
Carroll County,Georgia,1292475864
Catoosa County,Georgia,419998844
Charlton County,Georgia,2020415647
Chatham County,Georgia,1121767063
Chattahoochee County,Georgia,644226248
Chattooga County,Georgia,811512394
Cherokee County,Georgia,1090600986
Clarke County,Georgia,308784925
Clay County,Georgia,506093883
Clayton County,Georgia,366946710
Clinch County,Georgia,2110829176
Cobb County,Georgia,880052398
Coffee County,Georgia,1533928847
Colquitt County,Georgia,1416818776
Columbia County,Georgia,751293211
Cook County,Georgia,591606618
Coweta County,Georgia,1142012458
Crawford County,Georgia,841521988
Crisp County,Georgia,706236812
Dade County,Georgia,450605307
Dawson County,Georgia,546042257
Decatur County,Georgia,1546667779
DeKalb County,Georgia,693420786
Dodge County,Georgia,1284521385
Dooly County,Georgia,1016908653
Dougherty County,Georgia,851183463
Douglas County,Georgia,518355038
Early County,Georgia,1327626601
Echols County,Georgia,1088849470
Effingham County,Georgia,1240134674
Elbert County,Georgia,909338653
Emanuel County,Georgia,1762672232
Evans County,Georgia,473694908
Fannin County,Georgia,1002597261
Fayette County,Georgia,503436770
Floyd County,Georgia,1320434485
Forsyth County,Georgia,581585514
Franklin County,Georgia,677441264
Fulton County,Georgia,1364208323
Gilmer County,Georgia,1103886891
Glascock County,Georgia,372299245
Glynn County,Georgia,1086632090
Gordon County,Georgia,923182326
Grady County,Georgia,1177153102
Greene County,Georgia,1004043243
Gwinnett County,Georgia,1115308546
Habersham County,Georgia,716980220
Hall County,Georgia,1017862667
Hancock County,Georgia,1220058037
Haralson County,Georgia,730804591
Harris County,Georgia,1201300628
Hart County,Georgia,601970613
Heard County,Georgia,766564615
Henry County,Georgia,825296435
Houston County,Georgia,973947729
Irwin County,Georgia,917795232
Jackson County,Georgia,879737593
Jasper County,Georgia,954167633
Jeff Davis County,Georgia,857073381
Jefferson County,Georgia,1363760603
Jenkins County,Georgia,899567385
Johnson County,Georgia,784815227
Jones County,Georgia,1020304148
Lamar County,Georgia,475264443
Lanier County,Georgia,509026287
Laurens County,Georgia,2090974815
Lee County,Georgia,921731012
Liberty County,Georgia,1337652378
Lincoln County,Georgia,544884786
Long County,Georgia,1037013527
Lowndes County,Georgia,1287636223
Lumpkin County,Georgia,732817525
McDuffie County,Georgia,666848710
McIntosh County,Georgia,1117201951
Macon County,Georgia,1037709939
Madison County,Georgia,731225616
Marion County,Georgia,947979449
Meriwether County,Georgia,1298162536
Miller County,Georgia,731471786
Mitchell County,Georgia,1326483091
Monroe County,Georgia,1025872449
Montgomery County,Georgia,624563060
Morgan County,Georgia,899770619
Murray County,Georgia,892235146
Muscogee County,Georgia,560678533
Newton County,Georgia,709140711
Oconee County,Georgia,477424988
Oglethorpe County,Georgia,1137166303
Paulding County,Georgia,808928487
Peach County,Georgia,389234752
Pickens County,Georgia,601031022
Pierce County,Georgia,881760420
Pike County,Georgia,559660466
Polk County,Georgia,803758612
Pulaski County,Georgia,645583957
Putnam County,Georgia,892721781
Quitman County,Georgia,391703076
Rabun County,Georgia,958658531
Randolph County,Georgia,1109126228
Richmond County,Georgia,840016006
Rockdale County,Georgia,336228288
Schley County,Georgia,432291200
Screven County,Georgia,1672540367
Seminole County,Georgia,615215134
Spalding County,Georgia,507620135
Stephens County,Georgia,463996899
Stewart County,Georgia,1188153055
Sumter County,Georgia,1250646284
Talbot County,Georgia,1013662781
Taliaferro County,Georgia,504031037
Tattnall County,Georgia,1245327267
Taylor County,Georgia,975613091
Telfair County,Georgia,1132621096
Terrell County,Georgia,869559691
Thomas County,Georgia,1410566922
Tift County,Georgia,675699704
Toombs County,Georgia,942778662
Towns County,Georgia,431139631
Treutlen County,Georgia,516529390
Troup County,Georgia,1072274471
Turner County,Georgia,739222162
Twiggs County,Georgia,930478091
Union County,Georgia,834197337
Upson County,Georgia,837774874
Walker County,Georgia,1156145280
Walton County,Georgia,846447052
Ware County,Georgia,2328980907
Warren County,Georgia,736483608
Washington County,Georgia,1757341877
Wayne County,Georgia,1662608486
Webster County,Georgia,542230981
Wheeler County,Georgia,765314383
White County,Georgia,623522401
Whitfield County,Georgia,752230670
Wilcox County,Georgia,978525378
Wilkes County,Georgia,1216001409
Wilkinson County,Georgia,1163459874
Worth County,Georgia,1478137689
Hawaii County,Hawaii,10433635363
Honolulu County,Hawaii,1555472299
Kalawao County,Hawaii,31057603
Kauai County,Hawaii,1605492324
Maui County,Hawaii,3008348847
Ada County,Idaho,2724700350
Adams County,Idaho,3529648933
Bannock County,Idaho,2881339307
Bear Lake County,Idaho,2527123158
Benewah County,Idaho,2012242918
Bingham County,Idaho,5422897822
Blaine County,Idaho,6831708301
Boise County,Idaho,4919826443
Bonner County,Idaho,4489055950
Bonneville County,Idaho,4832872006
Boundary County,Idaho,3285863793
Butte County,Idaho,5792473996
Camas County,Idaho,2782253889
Canyon County,Idaho,1520445185
Caribou County,Idaho,4569240762
Cassia County,Idaho,6644897847
Clark County,Idaho,4566524478
Clearwater County,Idaho,6364412866
Custer County,Idaho,12748378763
Elmore County,Idaho,7964417370
Franklin County,Idaho,1717211132
Fremont County,Idaho,4827633123
Gem County,Idaho,1449796187
Gooding County,Idaho,1888932880
Idaho County,Idaho,21956620022
Jefferson County,Idaho,2832617272
Jerome County,Idaho,1547443957
Kootenai County,Idaho,3205833848
Latah County,Idaho,2786483015
Lemhi County,Idaho,11819910390
Lewis County,Idaho,1240141959
Lincoln County,Idaho,3111517528
Madison County,Idaho,1215396310
Minidoka County,Idaho,1960610400
Nez Perce County,Idaho,2197139822
Oneida County,Idaho,3105269253
Owyhee County,Idaho,19860561638
Payette County,Idaho,1053846155
Power County,Idaho,3635892388
Shoshone County,Idaho,6830898569
Teton County,Idaho,1163139972
Twin Falls County,Idaho,4977200216
Valley County,Idaho,9492607317
Washington County,Idaho,3762870369
Adams County,Illinois,2214804481
Alexander County,Illinois,609667772
Bond County,Illinois,985073265
Boone County,Illinois,727180620
Brown County,Illinois,791828628
Bureau County,Illinois,2250935503
Calhoun County,Illinois,657422422
Carroll County,Illinois,1153597403
Cass County,Illinois,973198204
Champaign County,Illinois,2579920046
Christian County,Illinois,1837569692
Clark County,Illinois,1298554908
Clay County,Illinois,1212815740
Clinton County,Illinois,1227502416
Coles County,Illinois,1316447134
Cook County,Illinois,2447357982
Crawford County,Illinois,1149031255
Cumberland County,Illinois,895989980
DeKalb County,Illinois,1635154165
De Witt County,Illinois,1029678329
Douglas County,Illinois,1079110176
DuPage County,Illinois,848891774
Edgar County,Illinois,1614400675
Edwards County,Illinois,576012469
Effingham County,Illinois,1240007567
Fayette County,Illinois,1855567160
Ford County,Illinois,1257690128
Franklin County,Illinois,1059101590
Fulton County,Illinois,2242134871
Gallatin County,Illinois,836540704
Greene County,Illinois,1406464906
Grundy County,Illinois,1082940535
Hamilton County,Illinois,1125731579
Hancock County,Illinois,2055798692
Hardin County,Illinois,459435085
Henderson County,Illinois,981077355
Henry County,Illinois,2131698418
Iroquois County,Illinois,2894039691
Jackson County,Illinois,1511439610
Jasper County,Illinois,1281043656
Jefferson County,Illinois,1479412106
Jersey County,Illinois,957415147
Jo Daviess County,Illinois,1556385345
Johnson County,Illinois,890268816
Kane County,Illinois,1345136016
Kankakee County,Illinois,1752114613
Kendall County,Illinois,829412768
Knox County,Illinois,1855427715
Lake County,Illinois,1149695575
LaSalle County,Illinois,2940070811
Lawrence County,Illinois,963938131
Lee County,Illinois,1877189067
Livingston County,Illinois,2702983877
Logan County,Illinois,1600757857
McDonough County,Illinois,1526339596
McHenry County,Illinois,1562786765
McLean County,Illinois,3064600918
Macon County,Illinois,1503684109
Macoupin County,Illinois,2235091594
Madison County,Illinois,1853152211
Marion County,Illinois,1482865607
Marshall County,Illinois,1001843226
Mason County,Illinois,1396914851
Massac County,Illinois,614453457
Menard County,Illinois,814269350
Mercer County,Illinois,1453604361
Monroe County,Illinois,997988611
Montgomery County,Illinois,1822726466
Morgan County,Illinois,1473584099
Moultrie County,Illinois,870134336
Ogle County,Illinois,1964903717
Peoria County,Illinois,1602464183
Perry County,Illinois,1144367942
Piatt County,Illinois,1137492084
Pike County,Illinois,2153190725
Pope County,Illinois,955326683
Pulaski County,Illinois,516225217
Putnam County,Illinois,414649309
Randolph County,Illinois,1490194115
Richland County,Illinois,932484096
Rock Island County,Illinois,1107097990
St. Clair County,Illinois,1703443126
Saline County,Illinois,984170285
Sangamon County,Illinois,2248804592
Schuyler County,Illinois,1132602885
Scott County,Illinois,649542040
Shelby County,Illinois,1964532713
Stark County,Illinois,746156170
Stephenson County,Illinois,1461392067
Tazewell County,Illinois,1674335551
Union County,Illinois,1070730011
Vermilion County,Illinois,2326634941
Wabash County,Illinois,578403998
Warren County,Illinois,1404768322
Washington County,Illinois,1457093517
Wayne County,Illinois,1848810372
White County,Illinois,1281999214
Whiteside County,Illinois,1771808919
Will County,Illinois,2164895527
Williamson County,Illinois,1088349246
Winnebago County,Illinois,1329068433
Woodford County,Illinois,1366821840
Adams County,Indiana,877815499
Allen County,Indiana,1702451597
Bartholomew County,Indiana,1054009620
Benton County,Indiana,1052616465
Blackford County,Indiana,427559407
Boone County,Indiana,1095336920
Brown County,Indiana,808043860
Carroll County,Indiana,964057405
Cass County,Indiana,1067476817
Clark County,Indiana,965645927
Clay County,Indiana,926186141
Clinton County,Indiana,1049119213
Crawford County,Indiana,791534792
Daviess County,Indiana,1112396613
Dearborn County,Indiana,790171242
Decatur County,Indiana,964946132
DeKalb County,Indiana,939731962
Delaware County,Indiana,1015536276
Dubois County,Indiana,1106611849
Elkhart County,Indiana,1199603973
Fayette County,Indiana,556901555
Floyd County,Indiana,383227470
Fountain County,Indiana,1024774345
Franklin County,Indiana,995658324
Fulton County,Indiana,954133353
Gibson County,Indiana,1262416968
Grant County,Indiana,1072484468
Greene County,Indiana,1404983917
Hamilton County,Indiana,1021354950
Hancock County,Indiana,792423987
Harrison County,Indiana,1254889463
Hendricks County,Indiana,1053849390
Henry County,Indiana,1014963816
Howard County,Indiana,759058571
Huntington County,Indiana,991056705
Jackson County,Indiana,1320827167
Jasper County,Indiana,1449563753
Jay County,Indiana,994310119
Jefferson County,Indiana,934051509
Jennings County,Indiana,975382328
Johnson County,Indiana,829945881
Knox County,Indiana,1336486449
Kosciusko County,Indiana,1376412110
LaGrange County,Indiana,983236292
Lake County,Indiana,1291857838
LaPorte County,Indiana,1549512632
Lawrence County,Indiana,1163367162
Madison County,Indiana,1170467555
Marion County,Indiana,1027109536
Marshall County,Indiana,1148969980
Martin County,Indiana,869615712
Miami County,Indiana,968246954
Monroe County,Indiana,1021806936
Montgomery County,Indiana,1307030254
Morgan County,Indiana,1045940869
Newton County,Indiana,1040539828
Noble County,Indiana,1064081178
Ohio County,Indiana,223126823
Orange County,Indiana,1031794491
Owen County,Indiana,997911601
Parke County,Indiana,1151822270
Perry County,Indiana,988702362
Pike County,Indiana,865839128
Porter County,Indiana,1082833138
Posey County,Indiana,1060259608
Pulaski County,Indiana,1123212810
Putnam County,Indiana,1244585894
Randolph County,Indiana,1171656774
Ripley County,Indiana,1156231106
Rush County,Indiana,1057035401
St. Joseph County,Indiana,1185940302
Scott County,Indiana,493136550
Shelby County,Indiana,1064843786
Spencer County,Indiana,1027623726
Starke County,Indiana,800679810
Steuben County,Indiana,799729298
Sullivan County,Indiana,1158170859
Switzerland County,Indiana,571525793
Tippecanoe County,Indiana,1292163432
Tipton County,Indiana,674797609
Union County,Indiana,417480644
Vanderburgh County,Indiana,605216607
Vermillion County,Indiana,665275343
Vigo County,Indiana,1045190744
Wabash County,Indiana,1068468089
Warren County,Indiana,944543945
Warrick County,Indiana,996664711
Washington County,Indiana,1330454436
Wayne County,Indiana,1040539262
Wells County,Indiana,953341278
White County,Indiana,1308306951
Whitley County,Indiana,869152583
Adair County,Iowa,1474404191
Adams County,Iowa,1096686238
Allamakee County,Iowa,1655115644
Appanoose County,Iowa,1287978861
Audubon County,Iowa,1147264566
Benton County,Iowa,1854696286
Black Hawk County,Iowa,1465331241
Boone County,Iowa,1480329000
Bremer County,Iowa,1127885584
Buchanan County,Iowa,1479090265
Buena Vista County,Iowa,1488981859
Butler County,Iowa,1502550830
Calhoun County,Iowa,1475894599
Carroll County,Iowa,1474835095
Cass County,Iowa,1461422458
Cedar County,Iowa,1500798712
Cerro Gordo County,Iowa,1471889958
Cherokee County,Iowa,1494181147
Chickasaw County,Iowa,1306192609
Clarke County,Iowa,1116716166
Clay County,Iowa,1469139463
Clayton County,Iowa,2016295997
Clinton County,Iowa,1799818625
Crawford County,Iowa,1849742863
Dallas County,Iowa,1523741177
Davis County,Iowa,1300661911
Decatur County,Iowa,1377567269
Delaware County,Iowa,1496189232
Des Moines County,Iowa,1077768387
Dickinson County,Iowa,985542270
Dubuque County,Iowa,1575487988
Emmet County,Iowa,1025349330
Fayette County,Iowa,1892840956
Floyd County,Iowa,1296550076
Franklin County,Iowa,1507301289
Fremont County,Iowa,1323915763
Greene County,Iowa,1475303196
Grundy County,Iowa,1299797800
Guthrie County,Iowa,1529698818
Hamilton County,Iowa,1493784356
Hancock County,Iowa,1478895050
Hardin County,Iowa,1474505068
Harrison County,Iowa,1804814770
Henry County,Iowa,1124799047
Howard County,Iowa,1225702842
Humboldt County,Iowa,1125014815
Ida County,Iowa,1117599852
Iowa County,Iowa,1518911694
Jackson County,Iowa,1647344934
Jasper County,Iowa,1891760880
Jefferson County,Iowa,1127999808
Johnson County,Iowa,1587640014
Jones County,Iowa,1490844765
Keokuk County,Iowa,1500071923
Kossuth County,Iowa,2519361795
Lee County,Iowa,1340448547
Linn County,Iowa,1857223982
Louisa County,Iowa,1040584001
Lucas County,Iowa,1115257644
Lyon County,Iowa,1522007136
Madison County,Iowa,1452999207
Mahaska County,Iowa,1478517367
Marion County,Iowa,1436120669
Marshall County,Iowa,1482776062
Mills County,Iowa,1132942922
Mitchell County,Iowa,1215049038
Monona County,Iowa,1797637888
Monroe County,Iowa,1123320774
Montgomery County,Iowa,1098405773
Muscatine County,Iowa,1132977157
O'Brien County,Iowa,1484154177
Osceola County,Iowa,1032593811
Page County,Iowa,1385497539
Palo Alto County,Iowa,1460400549
Plymouth County,Iowa,2234715215
Pocahontas County,Iowa,1495047191
Polk County,Iowa,1482025679
Pottawattamie County,Iowa,2461811904
Poweshiek County,Iowa,1514945159
Ringgold County,Iowa,1386932363
Sac County,Iowa,1489300198
Scott County,Iowa,1186437845
Shelby County,Iowa,1530110542
Sioux County,Iowa,1988888285
Story County,Iowa,1482881240
Tama County,Iowa,1867410516
Taylor County,Iowa,1377618880
Union County,Iowa,1097235807
Van Buren County,Iowa,1255646304
Wapello County,Iowa,1118453196
Warren County,Iowa,1475873109
Washington County,Iowa,1473215985
Wayne County,Iowa,1361013816
Webster County,Iowa,1853677022
Winnebago County,Iowa,1037261949
Winneshiek County,Iowa,1786666637
Woodbury County,Iowa,2260790994
Worth County,Iowa,1036314923
Wright County,Iowa,1503268903
Allen County,Kansas,1295764239
Anderson County,Kansas,1501272903
Atchison County,Kansas,1116736558
Barber County,Kansas,2937240786
Barton County,Kansas,2318705423
Bourbon County,Kansas,1645861886
Brown County,Kansas,1478550075
Butler County,Kansas,3702816817
Chase County,Kansas,2002199320
Chautauqua County,Kansas,1654694136
Cherokee County,Kansas,1521791028
Cheyenne County,Kansas,2641501921
Clark County,Kansas,2524300310
Clay County,Kansas,1671315283
Cloud County,Kansas,1852726650
Coffey County,Kansas,1623623917
Comanche County,Kansas,2041681114
Cowley County,Kansas,2915648165
Crawford County,Kansas,1527498535
Decatur County,Kansas,2314199329
Dickinson County,Kansas,2193894223
Doniphan County,Kansas,1019105691
Douglas County,Kansas,1180425074
Edwards County,Kansas,1610699245
Elk County,Kansas,1668636737
Ellis County,Kansas,2330762299
Ellsworth County,Kansas,1853331063
Finney County,Kansas,3372157850
Ford County,Kansas,2844508243
Franklin County,Kansas,1480882184
Geary County,Kansas,996272768
Gove County,Kansas,2775601943
Graham County,Kansas,2327173854
Grant County,Kansas,1488745973
Gray County,Kansas,2250356170
Greeley County,Kansas,2016057905
Greenwood County,Kansas,2961143639
Hamilton County,Kansas,2580958328
Harper County,Kansas,2075290355
Harvey County,Kansas,1397961184
Haskell County,Kansas,1495772610
Hodgeman County,Kansas,2227369149
Jackson County,Kansas,1699600349
Jefferson County,Kansas,1379350886
Jewell County,Kansas,2356813567
Johnson County,Kansas,1226667300
Kearny County,Kansas,2254696660
Kingman County,Kansas,2236245127
Kiowa County,Kansas,1871627782
Labette County,Kansas,1671560716
Lane County,Kansas,1858080220
Leavenworth County,Kansas,1200213586
Lincoln County,Kansas,1863226709
Linn County,Kansas,1538662701
Logan County,Kansas,2779039721
Lyon County,Kansas,2194978406
McPherson County,Kansas,2326547432
Marion County,Kansas,2445722726
Marshall County,Kansas,2331441883
Meade County,Kansas,2533222397
Miami County,Kansas,1491519074
Mitchell County,Kansas,1817632931
Montgomery County,Kansas,1666900087
Morris County,Kansas,1800929258
Morton County,Kansas,1889993633
Nemaha County,Kansas,1858127940
Neosho County,Kansas,1480129683
Ness County,Kansas,2783562233
Norton County,Kansas,2274122713
Osage County,Kansas,1827253333
Osborne County,Kansas,2311604928
Ottawa County,Kansas,1866683176
Pawnee County,Kansas,1953531647
Phillips County,Kansas,2294395646
Pottawatomie County,Kansas,2177507164
Pratt County,Kansas,1903740948
Rawlins County,Kansas,2769775708
Reno County,Kansas,3251231982
Republic County,Kansas,1857998461
Rice County,Kansas,1880936103
Riley County,Kansas,1579116617
Rooks County,Kansas,2306454196
Rush County,Kansas,1858997555
Russell County,Kansas,2295402862
Saline County,Kansas,1865418116
Scott County,Kansas,1858536839
Sedgwick County,Kansas,2582031938
Seward County,Kansas,1656693307
Shawnee County,Kansas,1409012933
Sheridan County,Kansas,2320518304
Sherman County,Kansas,2735193249
Smith County,Kansas,2319241781
Stafford County,Kansas,2051389756
Stanton County,Kansas,1762103387
Stevens County,Kansas,1883593917
Sumner County,Kansas,3060472194
Thomas County,Kansas,2783425127
Trego County,Kansas,2303727352
Wabaunsee County,Kansas,2057320865
Wallace County,Kansas,2366348284
Washington County,Kansas,2317418815
Wichita County,Kansas,1861078197
Wilson County,Kansas,1477385750
Woodson County,Kansas,1289344336
Wyandotte County,Kansas,392739405
Adair County,Kentucky,1049691067
Allen County,Kentucky,891838779
Anderson County,Kentucky,523607691
Ballard County,Kentucky,639387454
Barren County,Kentucky,1262837133
Bath County,Kentucky,722081430
Bell County,Kentucky,929965649
Boone County,Kentucky,637873437
Bourbon County,Kentucky,750439352
Boyd County,Kentucky,414054164
Boyle County,Kentucky,467104121
Bracken County,Kentucky,525033515
Breathitt County,Kentucky,1275352765
Breckinridge County,Kentucky,1475790362
Bullitt County,Kentucky,769306781
Butler County,Kentucky,1103571982
Caldwell County,Kentucky,893002030
Calloway County,Kentucky,997224264
Campbell County,Kentucky,391968572
Carlisle County,Kentucky,490647294
Carroll County,Kentucky,332995861
Carter County,Kentucky,1060587154
Casey County,Kentucky,1150572403
Christian County,Kentucky,1858341167
Clark County,Kentucky,653939112
Clay County,Kentucky,1215472435
Clinton County,Kentucky,510875755
Crittenden County,Kentucky,932300421
Cumberland County,Kentucky,790453070
Daviess County,Kentucky,1187227810
Edmonson County,Kentucky,784468358
Elliott County,Kentucky,606882499
Estill County,Kentucky,655509951
Fayette County,Kentucky,734616008
Fleming County,Kentucky,902727568
Floyd County,Kentucky,1018596152
Franklin County,Kentucky,538305689
Fulton County,Kentucky,533359371
Gallatin County,Kentucky,254700873
Garrard County,Kentucky,595952848
Grant County,Kentucky,668157705
Graves County,Kentucky,1429041267
Grayson County,Kentucky,1294807622
Green County,Kentucky,740863549
Greenup County,Kentucky,892153296
Hancock County,Kentucky,486071470
Hardin County,Kentucky,1614589639
Harlan County,Kentucky,1206496124
Harrison County,Kentucky,793603854
Hart County,Kentucky,1068530146
Henderson County,Kentucky,1130509780
Henry County,Kentucky,741500310
Hickman County,Kentucky,627487969
Hopkins County,Kentucky,1403944044
Jackson County,Kentucky,894051380
Jefferson County,Kentucky,986032282
Jessamine County,Kentucky,445905563
Johnson County,Kentucky,678485015
Kenton County,Kentucky,415149811
Knott County,Kentucky,910427588
Knox County,Kentucky,1000523173
Larue County,Kentucky,677419096
Laurel County,Kentucky,1124024367
Lawrence County,Kentucky,1076387827
Lee County,Kentucky,540942126
Leslie County,Kentucky,1038205991
Letcher County,Kentucky,875235599
Lewis County,Kentucky,1250548600
Lincoln County,Kentucky,862060145
Livingston County,Kentucky,810998697
Logan County,Kentucky,1430224005
Lyon County,Kentucky,553848612
McCracken County,Kentucky,644190803
McCreary County,Kentucky,1105416695
McLean County,Kentucky,654041005
Madison County,Kentucky,1132738966
Magoffin County,Kentucky,798866769
Marion County,Kentucky,888463711
Marshall County,Kentucky,782708021
Martin County,Kentucky,594708779
Mason County,Kentucky,621924408
Meade County,Kentucky,791093698
Menifee County,Kentucky,527283203
Mercer County,Kentucky,645065865
Metcalfe County,Kentucky,750166102
Monroe County,Kentucky,853220885
Montgomery County,Kentucky,511132776
Morgan County,Kentucky,987114229
Muhlenberg County,Kentucky,1210451475
Nelson County,Kentucky,1081366442
Nicholas County,Kentucky,505465731
Ohio County,Kentucky,1521059918
Oldham County,Kentucky,484953303
Owen County,Kentucky,909365295
Owsley County,Kentucky,511288846
Pendleton County,Kentucky,717836518
Perry County,Kentucky,879818914
Pike County,Kentucky,2037621870
Powell County,Kentucky,463558849
Pulaski County,Kentucky,1705275134
Robertson County,Kentucky,258794974
Rockcastle County,Kentucky,819853864
Rowan County,Kentucky,724781543
Russell County,Kentucky,657060481
Scott County,Kentucky,729774435
Shelby County,Kentucky,983610918
Simpson County,Kentucky,606589172
Spencer County,Kentucky,483611359
Taylor County,Kentucky,689891728
Todd County,Kentucky,969958282
Trigg County,Kentucky,1143637621
Trimble County,Kentucky,392766455
Union County,Kentucky,887992798
Warren County,Kentucky,1403048148
Washington County,Kentucky,769154199
Wayne County,Kentucky,1186690748
Webster County,Kentucky,860132094
Whitley County,Kentucky,1133976640
Wolfe County,Kentucky,575419135
Woodford County,Kentucky,492386256
Acadia Parish,Louisiana,1696880727
Allen Parish,Louisiana,1973083805
Ascension Parish,Louisiana,751259388
Assumption Parish,Louisiana,877029981
Avoyelles Parish,Louisiana,2154960193
Beauregard Parish,Louisiana,2997555223
Bienville Parish,Louisiana,2101207369
Bossier Parish,Louisiana,2176404826
Caddo Parish,Louisiana,2276773700
Calcasieu Parish,Louisiana,2756144275
Caldwell Parish,Louisiana,1371371987
Cameron Parish,Louisiana,3327796101
Catahoula Parish,Louisiana,1833782907
Claiborne Parish,Louisiana,1955125376
Concordia Parish,Louisiana,1805172274
De Soto Parish,Louisiana,2269932580
East Baton Rouge Parish,Louisiana,1179460545
East Carroll Parish,Louisiana,1089628528
East Feliciana Parish,Louisiana,1174307281
Evangeline Parish,Louisiana,1715558149
Franklin Parish,Louisiana,1617688504
Grant Parish,Louisiana,1665429793
Iberia Parish,Louisiana,1486894804
Iberville Parish,Louisiana,1602243589
Jackson Parish,Louisiana,1474183476
Jefferson Parish,Louisiana,765849559
Jefferson Davis Parish,Louisiana,1687025359
Lafayette Parish,Louisiana,696088606
Lafourche Parish,Louisiana,2767038601
LaSalle Parish,Louisiana,1617925445
Lincoln Parish,Louisiana,1221806127
Livingston Parish,Louisiana,1678761759
Madison Parish,Louisiana,1617200406
Morehouse Parish,Louisiana,2058860093
Natchitoches Parish,Louisiana,3243376637
Orleans Parish,Louisiana,438830826
Ouachita Parish,Louisiana,1580933156
Plaquemines Parish,Louisiana,2020951599
Pointe Coupee Parish,Louisiana,1443191040
Rapides Parish,Louisiana,3419675969
Red River Parish,Louisiana,1007742987
Richland Parish,Louisiana,1439329200
Sabine Parish,Louisiana,2244636625
St. Bernard Parish,Louisiana,977751170
St. Charles Parish,Louisiana,719371428
St. Helena Parish,Louisiana,1057772649
St. James Parish,Louisiana,628956073
St. John the Baptist Parish,Louisiana,555086131
St. Landry Parish,Louisiana,2392922808
St. Martin Parish,Louisiana,1909395777
St. Mary Parish,Louisiana,1438956831
St. Tammany Parish,Louisiana,2189053583
Tangipahoa Parish,Louisiana,2049482871
Tensas Parish,Louisiana,1561204507
Terrebonne Parish,Louisiana,3185239627
Union Parish,Louisiana,2271261418
Vermilion Parish,Louisiana,3038604870
Vernon Parish,Louisiana,3439290592
Washington Parish,Louisiana,1734245451
Webster Parish,Louisiana,1536337099
West Baton Rouge Parish,Louisiana,498293566
West Carroll Parish,Louisiana,931478638
West Feliciana Parish,Louisiana,1044589938
Winn Parish,Louisiana,2460711980
Androscoggin County,Maine,1211990512
Aroostook County,Maine,17278050008
Cumberland County,Maine,2165087512
Franklin County,Maine,4395220899
Hancock County,Maine,4110637088
Kennebec County,Maine,2246734973
Knox County,Maine,945697332
Lincoln County,Maine,1180688991
Oxford County,Maine,5379284550
Penobscot County,Maine,8798699751
Piscataquis County,Maine,10259018205
Sagadahoc County,Maine,657782149
Somerset County,Maine,10163845447
Waldo County,Maine,1890615339
Washington County,Maine,6637431507
York County,Maine,2566874777
Allegany County,Maryland,1093462025
Anne Arundel County,Maryland,1074353655
Baltimore County,Maryland,1549745106
Calvert County,Maryland,552162128
Caroline County,Maryland,827350252
Carroll County,Maryland,1159352918
Cecil County,Maryland,896909987
Charles County,Maryland,1185688597
Dorchester County,Maryland,1400573745
Frederick County,Maryland,1710755614
Garrett County,Maryland,1681102437
Harford County,Maryland,1132148068
Howard County,Maryland,649952136
Kent County,Maryland,717516438
Montgomery County,Maryland,1277027149
Prince George's County,Maryland,1250062233
Queen Anne's County,Maryland,962673216
St. Mary's County,Maryland,929021301
Somerset County,Maryland,828145299
Talbot County,Maryland,695561625
Washington County,Maryland,1185611700
Wicomico County,Maryland,969744608
Worcester County,Maryland,1213155089
Baltimore city,Maryland,209650970
Barnstable County,Massachusetts,1021019039
Berkshire County,Massachusetts,2400600620
Bristol County,Massachusetts,1432544616
Dukes County,Massachusetts,267300554
Essex County,Massachusetts,1275609141
Franklin County,Massachusetts,1810916209
Hampden County,Massachusetts,1598023769
Hampshire County,Massachusetts,1365534282
Middlesex County,Massachusetts,2118225748
Nantucket County,Massachusetts,119566672
Norfolk County,Massachusetts,1025912910
Plymouth County,Massachusetts,1705716224
Suffolk County,Massachusetts,150863059
Worcester County,Massachusetts,3912554985
Alcona County,Michigan,1747349266
Alger County,Michigan,2369925449
Allegan County,Michigan,2137395807
Alpena County,Michigan,1481127630
Antrim County,Michigan,1232002671
Arenac County,Michigan,940627657
Baraga County,Michigan,2326914366
Barry County,Michigan,1432508482
Bay County,Michigan,1145399057
Benzie County,Michigan,828014431
Berrien County,Michigan,1470543783
Branch County,Michigan,1311605515
Calhoun County,Michigan,1829206358
Cass County,Michigan,1269366892
Charlevoix County,Michigan,1078288786
Cheboygan County,Michigan,1852551949
Chippewa County,Michigan,4036515589
Clare County,Michigan,1461700232
Clinton County,Michigan,1467017475
Crawford County,Michigan,1441077804
Delta County,Michigan,3033137838
Dickinson County,Michigan,1970845139
Eaton County,Michigan,1489767393
Emmet County,Michigan,1210872498
Genesee County,Michigan,1649653741
Gladwin County,Michigan,1299620448
Gogebic County,Michigan,2854517941
Grand Traverse County,Michigan,1202625065
Gratiot County,Michigan,1472098934
Hillsdale County,Michigan,1549207129
Houghton County,Michigan,2613558378
Huron County,Michigan,2165285423
Ingham County,Michigan,1440196596
Ionia County,Michigan,1479710906
Iosco County,Michigan,1422173770
Iron County,Michigan,3019919277
Isabella County,Michigan,1483282623
Jackson County,Michigan,1817863745
Kalamazoo County,Michigan,1455523647
Kalkaska County,Michigan,1449729125
Kent County,Michigan,2198576456
Keweenaw County,Michigan,1398883258
Lake County,Michigan,1470054606
Lapeer County,Michigan,1675675444
Leelanau County,Michigan,899241895
Lenawee County,Michigan,1941504139
Livingston County,Michigan,1463996483
Luce County,Michigan,2328593560
Mackinac County,Michigan,2646617358
Macomb County,Michigan,1241050552
Manistee County,Michigan,1404616391
Marquette County,Michigan,4685406068
Mason County,Michigan,1281969422
Mecosta County,Michigan,1437772998
Menominee County,Michigan,2704053268
Midland County,Michigan,1337157039
Missaukee County,Michigan,1462793646
Monroe County,Michigan,1422810326
Montcalm County,Michigan,1826793467
Montmorency County,Michigan,1415881032
Muskegon County,Michigan,1305130138
Newaygo County,Michigan,2172706351
Oakland County,Michigan,2245928625
Oceana County,Michigan,1393667732
Ogemaw County,Michigan,1459466634
Ontonagon County,Michigan,3395416179
Osceola County,Michigan,1466674350
Oscoda County,Michigan,1465088063
Otsego County,Michigan,1333860412
Ottawa County,Michigan,1459487790
Presque Isle County,Michigan,1706069658
Roscommon County,Michigan,1346526274
Saginaw County,Michigan,2073813743
St. Clair County,Michigan,1868251511
St. Joseph County,Michigan,1296536370
Sanilac County,Michigan,2493046958
Schoolcraft County,Michigan,3035145674
Shiawassee County,Michigan,1375178357
Tuscola County,Michigan,2084165734
Van Buren County,Michigan,1574265761
Washtenaw County,Michigan,1828437283
Wayne County,Michigan,1584501319
Wexford County,Michigan,1463148726
Aitkin County,Minnesota,4718433588
Anoka County,Minnesota,1092880512
Becker County,Minnesota,3406052328
Beltrami County,Minnesota,6487154450
Benton County,Minnesota,1057483359
Big Stone County,Minnesota,1292861685
Blue Earth County,Minnesota,1936751358
Brown County,Minnesota,1582765932
Carlton County,Minnesota,2230766984
Carver County,Minnesota,917364672
Cass County,Minnesota,5235592104
Chippewa County,Minnesota,1505260387
Chisago County,Minnesota,1074585062
Clay County,Minnesota,2707051032
Clearwater County,Minnesota,2586947430
Cook County,Minnesota,3762134457
Cottonwood County,Minnesota,1657522315
Crow Wing County,Minnesota,2585751598
Dakota County,Minnesota,1456983368
Dodge County,Minnesota,1137724834
Douglas County,Minnesota,1649184455
Faribault County,Minnesota,1845309105
Fillmore County,Minnesota,2230746821
Freeborn County,Minnesota,1831756453
Goodhue County,Minnesota,1959861773
Grant County,Minnesota,1418785986
Hennepin County,Minnesota,1434450857
Houston County,Minnesota,1429786020
Hubbard County,Minnesota,2398345712
Isanti County,Minnesota,1128561671
Itasca County,Minnesota,6908331692
Jackson County,Minnesota,1820689416
Kanabec County,Minnesota,1351000097
Kandiyohi County,Minnesota,2065210393
Kittson County,Minnesota,2845915560
Koochiching County,Minnesota,8041217741
Lac qui Parle County,Minnesota,1981394517
Lake County,Minnesota,5462973366
Lake of the Woods County,Minnesota,3361369356
Le Sueur County,Minnesota,1162049825
Lincoln County,Minnesota,1390257746
Lyon County,Minnesota,1850315129
McLeod County,Minnesota,1272943172
Mahnomen County,Minnesota,1444868073
Marshall County,Minnesota,4597384471
Martin County,Minnesota,1844928064
Meeker County,Minnesota,1574893021
Mille Lacs County,Minnesota,1482415009
Morrison County,Minnesota,2913980722
Mower County,Minnesota,1842332264
Murray County,Minnesota,1825073511
Nicollet County,Minnesota,1161894042
Nobles County,Minnesota,1852081296
Norman County,Minnesota,2260512789
Olmsted County,Minnesota,1692860704
Otter Tail County,Minnesota,5107086047
Pennington County,Minnesota,1596928772
Pine County,Minnesota,3655220986
Pipestone County,Minnesota,1204489353
Polk County,Minnesota,5105054562
Pope County,Minnesota,1734075761
Ramsey County,Minnesota,394308034
Red Lake County,Minnesota,1119929324
Redwood County,Minnesota,2275493336
Renville County,Minnesota,2545744685
Rice County,Minnesota,1284215162
Rock County,Minnesota,1249560753
Roseau County,Minnesota,4329471929
St. Louis County,Minnesota,16180477493
Scott County,Minnesota,922692855
Sherburne County,Minnesota,1121230382
Sibley County,Minnesota,1525073949
Stearns County,Minnesota,3477827398
Steele County,Minnesota,1112775688
Stevens County,Minnesota,1459744432
Swift County,Minnesota,1921727343
Todd County,Minnesota,2447760759
Traverse County,Minnesota,1486320975
Wabasha County,Minnesota,1354435813
Wadena County,Minnesota,1388950411
Waseca County,Minnesota,1096505110
Washington County,Minnesota,995618866
Watonwan County,Minnesota,1126526388
Wilkin County,Minnesota,1945079889
Winona County,Minnesota,1621638207
Wright County,Minnesota,1712289572
Yellow Medicine County,Minnesota,1966062958
Adams County,Mississippi,1197464266
Alcorn County,Mississippi,1036110405
Amite County,Mississippi,1890950865
Attala County,Mississippi,1903529290
Benton County,Mississippi,1053131421
Bolivar County,Mississippi,2270541557
Calhoun County,Mississippi,1519218284
Carroll County,Mississippi,1627263542
Chickasaw County,Mississippi,1299608407
Choctaw County,Mississippi,1083122611
Claiborne County,Mississippi,1262400022
Clarke County,Mississippi,1791177229
Clay County,Mississippi,1062066001
Coahoma County,Mississippi,1430939226
Copiah County,Mississippi,2013158769
Covington County,Mississippi,1071784947
DeSoto County,Mississippi,1233644242
Forrest County,Mississippi,1207042881
Franklin County,Mississippi,1460658783
George County,Mississippi,1239816907
Greene County,Mississippi,1845983328
Grenada County,Mississippi,1093291104
Hancock County,Mississippi,1227561278
Harrison County,Mississippi,1485725579
Hinds County,Mississippi,2252849338
Holmes County,Mississippi,1959776826
Humphreys County,Mississippi,1083947280
Issaquena County,Mississippi,1069782879
Itawamba County,Mississippi,1379933023
Jackson County,Mississippi,1872035802
Jasper County,Mississippi,1751454613
Jefferson County,Mississippi,1346620554
Jefferson Davis County,Mississippi,1057871313
Jones County,Mississippi,1799554023
Kemper County,Mississippi,1984403152
Lafayette County,Mississippi,1636080566
Lamar County,Mississippi,1286381289
Lauderdale County,Mississippi,1822508252
Lawrence County,Mississippi,1115254017
Leake County,Mississippi,1509697184
Lee County,Mississippi,1165404281
Leflore County,Mississippi,1538645698
Lincoln County,Mississippi,1518269800
Lowndes County,Mississippi,1309092521
Madison County,Mississippi,1850602740
Marion County,Mississippi,1404769586
Marshall County,Mississippi,1829011187
Monroe County,Mississippi,1981570208
Montgomery County,Mississippi,1054074827
Neshoba County,Mississippi,1476641125
Newton County,Mississippi,1496636747
Noxubee County,Mississippi,1800451925
Oktibbeha County,Mississippi,1186834313
Panola County,Mississippi,1774595250
Pearl River County,Mississippi,2101267284
Perry County,Mississippi,1676259645
Pike County,Mississippi,1059350505
Pontotoc County,Mississippi,1289201637
Prentiss County,Mississippi,1074806616
Quitman County,Mississippi,1048975532
Rankin County,Mississippi,2008522848
Scott County,Mississippi,1577902075
Sharkey County,Mississippi,1118149686
Simpson County,Mississippi,1525930816
Smith County,Mississippi,1647926089
Stone County,Mississippi,1153800122
Sunflower County,Mississippi,1807187010
Tallahatchie County,Mississippi,1671120103
Tate County,Mississippi,1048332513
Tippah County,Mississippi,1185754629
Tishomingo County,Mississippi,1098938846
Tunica County,Mississippi,1177611241
Union County,Mississippi,1076417872
Walthall County,Mississippi,1046169277
Warren County,Mississippi,1524286571
Washington County,Mississippi,1879404534
Wayne County,Mississippi,2099745598
Webster County,Mississippi,1090760204
Wilkinson County,Mississippi,1756287127
Winston County,Mississippi,1572773189
Yalobusha County,Mississippi,1209914665
Yazoo County,Mississippi,2388847490
Adair County,Missouri,1469362058
Andrew County,Missouri,1120509776
Atchison County,Missouri,1417462632
Audrain County,Missouri,1792905920
Barry County,Missouri,2015203933
Barton County,Missouri,1533351029
Bates County,Missouri,2167029202
Benton County,Missouri,1823462209
Bollinger County,Missouri,1600364571
Boone County,Missouri,1775568659
Buchanan County,Missouri,1057347849
Butler County,Missouri,1799187755
Caldwell County,Missouri,1104350538
Callaway County,Missouri,2161518207
Camden County,Missouri,1699143493
Cape Girardeau County,Missouri,1498414364
Carroll County,Missouri,1799061892
Carter County,Missouri,1314052439
Cass County,Missouri,1804223305
Cedar County,Missouri,1228870880
Chariton County,Missouri,1945541996
Christian County,Missouri,1457250993
Clark County,Missouri,1306924729
Clay County,Missouri,1029948537
Clinton County,Missouri,1085094819
Cole County,Missouri,1014104083
Cooper County,Missouri,1462703861
Crawford County,Missouri,1923005893
Dade County,Missouri,1269121007
Dallas County,Missouri,1401057571
Daviess County,Missouri,1458893649
DeKalb County,Missouri,1091311297
Dent County,Missouri,1949641178
Douglas County,Missouri,2107274105
Dunklin County,Missouri,1401438398
Franklin County,Missouri,2389655153
Gasconade County,Missouri,1344216320
Gentry County,Missouri,1272776755
Greene County,Missouri,1749088388
Grundy County,Missouri,1127401335
Harrison County,Missouri,1871309893
Henry County,Missouri,1805078265
Hickory County,Missouri,1032908401
Holt County,Missouri,1198369593
Howard County,Missouri,1201237134
Howell County,Missouri,2401562319
Iron County,Missouri,1425178293
Jackson County,Missouri,1565689799
Jasper County,Missouri,1653723341
Jefferson County,Missouri,1700242389
Johnson County,Missouri,2147773696
Knox County,Missouri,1305376627
Laclede County,Missouri,1980383097
Lafayette County,Missouri,1627641077
Lawrence County,Missouri,1584393370
Lewis County,Missouri,1308052629
Lincoln County,Missouri,1622809699
Linn County,Missouri,1594366554
Livingston County,Missouri,1378657551
McDonald County,Missouri,1397247160
Macon County,Missouri,2075118025
Madison County,Missouri,1280458107
Maries County,Missouri,1364867202
Marion County,Missouri,1131623340
Mercer County,Missouri,1175427727
Miller County,Missouri,1534831730
Mississippi County,Missouri,1065995425
Moniteau County,Missouri,1074917556
Monroe County,Missouri,1677427650
Montgomery County,Missouri,1385765315
Morgan County,Missouri,1547866664
New Madrid County,Missouri,1747873649
Newton County,Missouri,1618106494
Nodaway County,Missouri,2271326614
Oregon County,Missouri,2045563487
Osage County,Missouri,1571034360
Ozark County,Missouri,1929467303
Pemiscot County,Missouri,1275870101
Perry County,Missouri,1228574132
Pettis County,Missouri,1766953612
Phelps County,Missouri,1739918996
Pike County,Missouri,1736428533
Platte County,Missouri,1087240598
Polk County,Missouri,1646006161
Pulaski County,Missouri,1417013177
Putnam County,Missouri,1339843851
Ralls County,Missouri,1216742135
Randolph County,Missouri,1250217888
Ray County,Missouri,1473209199
Reynolds County,Missouri,2093946392
Ripley County,Missouri,1630478460
St. Charles County,Missouri,1451718690
St. Clair County,Missouri,1748193269
Ste. Genevieve County,Missouri,1292800497
St. Francois County,Missouri,1170381746
St. Louis County,Missouri,1314263296
Saline County,Missouri,1956717081
Schuyler County,Missouri,795916404
Scotland County,Missouri,1130548363
Scott County,Missouri,1087772859
Shannon County,Missouri,2599884451
Shelby County,Missouri,1297230221
Stoddard County,Missouri,2132124564
Stone County,Missouri,1201446581
Sullivan County,Missouri,1678265048
Taney County,Missouri,1637832031
Texas County,Missouri,3049103790
Vernon County,Missouri,2140343869
Warren County,Missouri,1110087777
Washington County,Missouri,1968043952
Wayne County,Missouri,1966281378
Webster County,Missouri,1534731546
Worth County,Missouri,690564983
Wright County,Missouri,1765788214
St. Louis city,Missouri,159915117
Beaverhead County,Montana,14355492109
Big Horn County,Montana,12944280225
Blaine County,Montana,10948196437
Broadwater County,Montana,3088195834
Carbon County,Montana,5303530757
Carter County,Montana,8651796239
Cascade County,Montana,6988237754
Chouteau County,Montana,10288824735
Custer County,Montana,9798723675
Daniels County,Montana,3693365371
Dawson County,Montana,6143238450
Deer Lodge County,Montana,1907999323
Fallon County,Montana,4197320394
Fergus County,Montana,11238811024
Flathead County,Montana,13175781006
Gallatin County,Montana,6746958038
Garfield County,Montana,12112233259
Glacier County,Montana,7756874927
Golden Valley County,Montana,3041740578
Granite County,Montana,4473328964
Hill County,Montana,7508815833
Jefferson County,Montana,4291254981
Judith Basin County,Montana,4842466678
Lake County,Montana,3860290983
Lewis and Clark County,Montana,8957164719
Liberty County,Montana,3703639182
Lincoln County,Montana,9356423252
McCone County,Montana,6843332002
Madison County,Montana,9293284427
Meagher County,Montana,6194909925
Mineral County,Montana,3158799744
Missoula County,Montana,6715862371
Musselshell County,Montana,4840577745
Park County,Montana,7258365000
Petroleum County,Montana,4288047862
Phillips County,Montana,13313777226
Pondera County,Montana,4207608384
Powder River County,Montana,8542288888
Powell County,Montana,6024421096
Prairie County,Montana,4497780202
Ravalli County,Montana,6192655807
Richland County,Montana,5398974500
Roosevelt County,Montana,6098391680
Rosebud County,Montana,12971010158
Sanders County,Montana,7149405173
Sheridan County,Montana,4340323253
Silver Bow County,Montana,1859568275
Stillwater County,Montana,4653551002
Sweet Grass County,Montana,4805735230
Teton County,Montana,5883425281
Toole County,Montana,4959868815
Treasure County,Montana,2532492070
Valley County,Montana,12758539633
Wheatland County,Montana,3684208403
Wibaux County,Montana,2303979500
Yellowstone County,Montana,6820664370
Adams County,Nebraska,1458872841
Antelope County,Nebraska,2220025598
Arthur County,Nebraska,1852759730
Banner County,Nebraska,1932676688
Blaine County,Nebraska,1840673981
Boone County,Nebraska,1778166040
Box Butte County,Nebraska,2784994713
Boyd County,Nebraska,1398424239
Brown County,Nebraska,3163296263
Buffalo County,Nebraska,2507679136
Burt County,Nebraska,1273201348
Butler County,Nebraska,1514886625
Cass County,Nebraska,1443537055
Cedar County,Nebraska,1917219995
Chase County,Nebraska,2316533450
Cherry County,Nebraska,15436868249
Cheyenne County,Nebraska,3098367766
Clay County,Nebraska,1482222907
Colfax County,Nebraska,1066160352
Cuming County,Nebraska,1477652222
Custer County,Nebraska,6670757258
Dakota County,Nebraska,684463003
Dawes County,Nebraska,3616875592
Dawson County,Nebraska,2623887235
Deuel County,Nebraska,1139209085
Dixon County,Nebraska,1233119999
Dodge County,Nebraska,1370269383
Douglas County,Nebraska,845399899
Dundy County,Nebraska,2381956151
Fillmore County,Nebraska,1490202782
Franklin County,Nebraska,1491355860
Frontier County,Nebraska,2524283299
Furnas County,Nebraska,1862542306
Gage County,Nebraska,2205275202
Garden County,Nebraska,4417083924
Garfield County,Nebraska,1474558345
Gosper County,Nebraska,1186616237
Grant County,Nebraska,2012081437
Greeley County,Nebraska,1475804204
Hall County,Nebraska,1415146251
Hamilton County,Nebraska,1403509086
Harlan County,Nebraska,1433471255
Hayes County,Nebraska,1846821518
Hitchcock County,Nebraska,1838742723
Holt County,Nebraska,6248078943
Hooker County,Nebraska,1867796142
Howard County,Nebraska,1474578450
Jefferson County,Nebraska,1476736210
Johnson County,Nebraska,974023321
Kearney County,Nebraska,1337063538
Keith County,Nebraska,2749531879
Keya Paha County,Nebraska,2002257565
Kimball County,Nebraska,2465269087
Knox County,Nebraska,2870854403
Lancaster County,Nebraska,2169270569
Lincoln County,Nebraska,6641072809
Logan County,Nebraska,1478003936
Loup County,Nebraska,1459513669
McPherson County,Nebraska,2224733578
Madison County,Nebraska,1483084606
Merrick County,Nebraska,1258350331
Morrill County,Nebraska,3687721317
Nance County,Nebraska,1143733235
Nemaha County,Nebraska,1055100614
Nuckolls County,Nebraska,1489645188
Otoe County,Nebraska,1594561663
Pawnee County,Nebraska,1116478180
Perkins County,Nebraska,2287828027
Phelps County,Nebraska,1398048600
Pierce County,Nebraska,1484707285
Platte County,Nebraska,1745910556
Polk County,Nebraska,1135309851
Red Willow County,Nebraska,1857036396
Richardson County,Nebraska,1429261307
Rock County,Nebraska,2611466193
Saline County,Nebraska,1486812294
Sarpy County,Nebraska,616811568
Saunders County,Nebraska,1940652995
Scotts Bluff County,Nebraska,1915079305
Seward County,Nebraska,1479995666
Sheridan County,Nebraska,6322057037
Sherman County,Nebraska,1465489225
Sioux County,Nebraska,5352724896
Stanton County,Nebraska,1107500697
Thayer County,Nebraska,1486153245
Thomas County,Nebraska,1846403702
Thurston County,Nebraska,1019377259
Valley County,Nebraska,1471402793
Washington County,Nebraska,1009985093
Wayne County,Nebraska,1147147009
Webster County,Nebraska,1489017962
Wheeler County,Nebraska,1489717866
York County,Nebraska,1482794061
Churchill County,Nevada,12821785223
Clark County,Nevada,20439276974
Douglas County,Nevada,1838170319
Elko County,Nevada,44479019136
Esmeralda County,Nevada,9277049964
Eureka County,Nevada,10814982421
Humboldt County,Nevada,24969533319
Lander County,Nevada,14294783154
Lincoln County,Nevada,27540342245
Lyon County,Nevada,5183173264
Mineral County,Nevada,9719815181
Nye County,Nevada,47090939040
Pershing County,Nevada,15634691964
Storey County,Nevada,683680818
Washoe County,Nevada,16358779479
White Pine County,Nevada,23016356483
Carson City,Nevada,374670880
Belknap County,New Hampshire,1040771458
Carroll County,New Hampshire,2413511287
Cheshire County,New Hampshire,1830367250
Coos County,New Hampshire,4647923684
Grafton County,New Hampshire,4425254602
Hillsborough County,New Hampshire,2270197483
Merrimack County,New Hampshire,2416153059
Rockingham County,New Hampshire,1801042583
Strafford County,New Hampshire,951745163
Sullivan County,New Hampshire,1392231686
Atlantic County,New Jersey,1438776649
Bergen County,New Jersey,602911111
Burlington County,New Jersey,2070157741
Camden County,New Jersey,573293905
Cape May County,New Jersey,651338862
Cumberland County,New Jersey,1251898273
Essex County,New Jersey,326557454
Gloucester County,New Jersey,833916105
Hudson County,New Jersey,119640830
Hunterdon County,New Jersey,1108076939
Mercer County,New Jersey,581297755
Middlesex County,New Jersey,800864377
Monmouth County,New Jersey,1212585319
Morris County,New Jersey,1193878537
Ocean County,New Jersey,1627387052
Passaic County,New Jersey,481767296
Salem County,New Jersey,859517464
Somerset County,New Jersey,781830431
Sussex County,New Jersey,1343564828
Union County,New Jersey,266163527
Warren County,New Jersey,923424386
Bernalillo County,New Mexico,3007645106
Catron County,New Mexico,17933559836
Chaves County,New Mexico,15713907540
Cibola County,New Mexico,11758505180
Colfax County,New Mexico,9733110165
Curry County,New Mexico,3640261520
De Baca County,New Mexico,6016819475
Dona Ana County,New Mexico,9863164217
Eddy County,New Mexico,10816683024
Grant County,New Mexico,10259475126
Guadalupe County,New Mexico,7847072129
Harding County,New Mexico,5504963123
Hidalgo County,New Mexico,8905760686
Lea County,New Mexico,11373854756
Lincoln County,New Mexico,12512530057
Los Alamos County,New Mexico,282843396
Luna County,New Mexico,7679776973
McKinley County,New Mexico,14117193195
Mora County,New Mexico,4988962825
Otero County,New Mexico,17126456785
Quay County,New Mexico,7443508573
Rio Arriba County,New Mexico,15179590198
Roosevelt County,New Mexico,6335242828
Sandoval County,New Mexico,9609141717
San Juan County,New Mexico,14289491641
San Miguel County,New Mexico,12228666254
Santa Fe County,New Mexico,4947856149
Sierra County,New Mexico,10829248654
Socorro County,New Mexico,17214061650
Taos County,New Mexico,5704119383
Torrance County,New Mexico,8664061332
Union County,New Mexico,9906866302
Valencia County,New Mexico,2762854204
Albany County,New York,1354120788
Allegany County,New York,2666029673
Bronx County,New York,108909571
Broome County,New York,1828061552
Cattaraugus County,New York,3388424412
Cayuga County,New York,1791190510
Chautauqua County,New York,2746047476
Chemung County,New York,1055038227
Chenango County,New York,2314393900
Clinton County,New York,2687779168
Columbia County,New York,1643770776
Cortland County,New York,1291815777
Delaware County,New York,3735857754
Dutchess County,New York,2060720815
Erie County,New York,2700648539
Essex County,New York,4646744234
Franklin County,New York,4219644200
Fulton County,New York,1283234678
Genesee County,New York,1276705469
Greene County,New York,1676140495
Hamilton County,New York,4447989353
Herkimer County,New York,3655873433
Jefferson County,New York,3285923214
Kings County,New York,179671310
Lewis County,New York,3301307122
Livingston County,New York,1636254768
Madison County,New York,1696048608
Monroe County,New York,1701280157
Montgomery County,New York,1044066970
Nassau County,New York,737195890
New York County,New York,58690498
Niagara County,New York,1352887561
Oneida County,New York,3139921947
Onondaga County,New York,2016013104
Ontario County,New York,1668081009
Orange County,New York,2103886749
Orleans County,New York,1013366843
Oswego County,New York,2464751381
Otsego County,New York,2594487145
Putnam County,New York,596542964
Queens County,New York,281734463
Rensselaer County,New York,1689852106
Richmond County,New York,148976885
Rockland County,New York,449218387
St. Lawrence County,New York,6939877189
Saratoga County,New York,2097879145
Schenectady County,New York,529862595
Schoharie County,New York,1610503569
Schuyler County,New York,850405405
Seneca County,New York,838403628
Steuben County,New York,3601520291
Suffolk County,New York,2361568402
Sullivan County,New York,2507463739
Tioga County,New York,1343194530
Tompkins County,New York,1229314959
Ulster County,New York,2911757960
Warren County,New York,2246082355
Washington County,New York,2152713603
Wayne County,New York,1563912968
Westchester County,New York,1115219580
Wyoming County,New York,1535219547
Yates County,New York,875801459
Alamance County,North Carolina,1096718106
Alexander County,North Carolina,673358168
Alleghany County,North Carolina,607139719
Anson County,North Carolina,1376478136
Ashe County,North Carolina,1100930108
Avery County,North Carolina,640602134
Beaufort County,North Carolina,2155109574
Bertie County,North Carolina,1810858586
Bladen County,North Carolina,2265887723
Brunswick County,North Carolina,2199399191
Buncombe County,North Carolina,1700318985
Burke County,North Carolina,1311146877
Cabarrus County,North Carolina,935650180
Caldwell County,North Carolina,1222192494
Camden County,North Carolina,622448680
Carteret County,North Carolina,1314684783
Caswell County,North Carolina,1101694778
Catawba County,North Carolina,1039550834
Chatham County,North Carolina,1765648430
Cherokee County,North Carolina,1179845619
Chowan County,North Carolina,447179930
Clay County,North Carolina,556804505
Cleveland County,North Carolina,1202311340
Columbus County,North Carolina,2429722359
Craven County,North Carolina,1830014535
Cumberland County,North Carolina,1690129718
Currituck County,North Carolina,678350084
Dare County,North Carolina,992557887
Davidson County,North Carolina,1432727271
Davie County,North Carolina,682965396
Duplin County,North Carolina,2110215814
Durham County,North Carolina,741994332
Edgecombe County,North Carolina,1309064804
Forsyth County,North Carolina,1056221627
Franklin County,North Carolina,1273757138
Gaston County,North Carolina,921386282
Gates County,North Carolina,882181716
Graham County,North Carolina,756189024
Granville County,North Carolina,1377850155
Greene County,North Carolina,690839648
Guilford County,North Carolina,1672939034
Halifax County,North Carolina,1874472932
Harnett County,North Carolina,1541100224
Haywood County,North Carolina,1433713829
Henderson County,North Carolina,965918074
Hertford County,North Carolina,914689324
Hoke County,North Carolina,1010416546
Hyde County,North Carolina,1585966935
Iredell County,North Carolina,1487420594
Jackson County,North Carolina,1271961083
Johnston County,North Carolina,2049252369
Jones County,North Carolina,1220836962
Lee County,North Carolina,660607408
Lenoir County,North Carolina,1033630022
Lincoln County,North Carolina,766230937
McDowell County,North Carolina,1139477323
Macon County,North Carolina,1335344512
Madison County,North Carolina,1164497715
Martin County,North Carolina,1182135160
Mecklenburg County,North Carolina,1356068834
Mitchell County,North Carolina,573036225
Montgomery County,North Carolina,1273075615
Moore County,North Carolina,1806973893
Nash County,North Carolina,1399742823
New Hanover County,North Carolina,497927594
Northampton County,North Carolina,1389988119
Onslow County,North Carolina,1973754758
Orange County,North Carolina,1029672897
Pamlico County,North Carolina,871546184
Pasquotank County,North Carolina,587616451
Pender County,North Carolina,2256645338
Perquimans County,North Carolina,640169367
Person County,North Carolina,1016140154
Pitt County,North Carolina,1689629354
Polk County,North Carolina,615606314
Randolph County,North Carolina,2026229975
Richmond County,North Carolina,1226849546
Robeson County,North Carolina,2453435687
Rockingham County,North Carolina,1464997156
Rowan County,North Carolina,1324727249
Rutherford County,North Carolina,1464476077
Sampson County,North Carolina,2449357434
Scotland County,North Carolina,826570080
Stanly County,North Carolina,1023390690
Stokes County,North Carolina,1162941527
Surry County,North Carolina,1382386028
Swain County,North Carolina,1366810463
Transylvania County,North Carolina,979930393
Tyrrell County,North Carolina,1012103918
Union County,North Carolina,1638745719
Vance County,North Carolina,653713542
Wake County,North Carolina,2162195848
Warren County,North Carolina,1112117463
Washington County,North Carolina,897456203
Watauga County,North Carolina,809217076
Wayne County,North Carolina,1434643400
Wilkes County,North Carolina,1954249757
Wilson County,North Carolina,951946703
Yadkin County,North Carolina,867496099
Yancey County,North Carolina,809610027
Adams County,North Dakota,2557733901
Barnes County,North Dakota,3863118055
Benson County,North Dakota,3596341060
Billings County,North Dakota,2974571254
Bottineau County,North Dakota,4321075833
Bowman County,North Dakota,3009070659
Burke County,North Dakota,2858179013
Burleigh County,North Dakota,4228659152
Cass County,North Dakota,4571158976
Cavalier County,North Dakota,3856631212
Dickey County,North Dakota,2930554406
Divide County,North Dakota,3265658855
Dunn County,North Dakota,5201969429
Eddy County,North Dakota,1632310788
Emmons County,North Dakota,3910888908
Foster County,North Dakota,1642258774
Golden Valley County,North Dakota,2592280439
Grand Forks County,North Dakota,3719806629
Grant County,North Dakota,4297393836
Griggs County,North Dakota,1835407690
Hettinger County,North Dakota,2932485809
Kidder County,North Dakota,3499233948
LaMoure County,North Dakota,2968139583
Logan County,North Dakota,2570819041
McHenry County,North Dakota,4853487956
McIntosh County,North Dakota,2524106808
McKenzie County,North Dakota,7148712746
McLean County,North Dakota,5465546322
Mercer County,North Dakota,2700790004
Morton County,North Dakota,4988026151
Mountrail County,North Dakota,4727397872
Nelson County,North Dakota,2542889235
Oliver County,North Dakota,1871017444
Pembina County,North Dakota,2897362282
Pierce County,North Dakota,2637345167
Ramsey County,North Dakota,3070120687
Ransom County,North Dakota,2233792873
Renville County,North Dakota,2272103544
Richland County,North Dakota,3718378999
Rolette County,North Dakota,2338477672
Sargent County,North Dakota,2223461624
Sheridan County,North Dakota,2518053323
Sioux County,North Dakota,2833580511
Slope County,North Dakota,3147520228
Stark County,North Dakota,3457408930
Steele County,North Dakota,1844441513
Stutsman County,North Dakota,5754703479
Towner County,North Dakota,2654501912
Traill County,North Dakota,2232235429
Walsh County,North Dakota,3319346396
Ward County,North Dakota,5213464365
Wells County,North Dakota,3290664846
Williams County,North Dakota,5380949615
Adams County,Ohio,1512208932
Allen County,Ohio,1042479889
Ashland County,Ohio,1095464861
Ashtabula County,Ohio,1818360017
Athens County,Ohio,1304386904
Auglaize County,Ohio,1039590266
Belmont County,Ohio,1378199039
Brown County,Ohio,1269138600
Butler County,Ohio,1208303733
Carroll County,Ohio,1022031301
Champaign County,Ohio,1111090195
Clark County,Ohio,1027907572
Clermont County,Ohio,1170983309
Clinton County,Ohio,1058489018
Columbiana County,Ohio,1377658481
Coshocton County,Ohio,1460647672
Crawford County,Ohio,1040619651
Cuyahoga County,Ohio,1184093716
Darke County,Ohio,1549072768
Defiance County,Ohio,1065649892
Delaware County,Ohio,1147778026
Erie County,Ohio,651069515
Fairfield County,Ohio,1306415001
Fayette County,Ohio,1052469899
Franklin County,Ohio,1378938272
Fulton County,Ohio,1050103171
Gallia County,Ohio,1208308871
Geauga County,Ohio,1036773424
Greene County,Ohio,1071283002
Guernsey County,Ohio,1352631181
Hamilton County,Ohio,1049999711
Hancock County,Ohio,1376125660
Hardin County,Ohio,1218096651
Harrison County,Ohio,1042032640
Henry County,Ohio,1077461471
Highland County,Ohio,1432479990
Hocking County,Ohio,1091235303
Holmes County,Ohio,1094405864
Huron County,Ohio,1272964850
Jackson County,Ohio,1088598927
Jefferson County,Ohio,1057037023
Knox County,Ohio,1361052758
Lake County,Ohio,593807218
Lawrence County,Ohio,1174224668
Licking County,Ohio,1767507224
Logan County,Ohio,1187534495
Lorain County,Ohio,1272195542
Lucas County,Ohio,879702815
Madison County,Ohio,1206445849
Mahoning County,Ohio,1065773136
Marion County,Ohio,1045858048
Medina County,Ohio,1091568894
Meigs County,Ohio,1113957867
Mercer County,Ohio,1197723422
Miami County,Ohio,1052862600
Monroe County,Ohio,1180317741
Montgomery County,Ohio,1195326276
Morgan County,Ohio,1078538278
Morrow County,Ohio,1051881046
Muskingum County,Ohio,1721165860
Noble County,Ohio,1030846459
Ottawa County,Ohio,659705457
Paulding County,Ohio,1078561236
Perry County,Ohio,1056544098
Pickaway County,Ohio,1298175198
Pike County,Ohio,1140324465
Portage County,Ohio,1262370046
Preble County,Ohio,1098741224
Putnam County,Ohio,1249783588
Richland County,Ohio,1282554028
Ross County,Ohio,1784986619
Sandusky County,Ohio,1057350969
Scioto County,Ohio,1580488534
Seneca County,Ohio,1427151734
Shelby County,Ohio,1055927003
Stark County,Ohio,1490056765
Summit County,Ohio,1069119180
Trumbull County,Ohio,1600837668
Tuscarawas County,Ohio,1469641510
Union County,Ohio,1118161949
Van Wert County,Ohio,1059702138
Vinton County,Ohio,1067997064
Warren County,Ohio,1039075224
Washington County,Ohio,1636805233
Wayne County,Ohio,1436939444
Williams County,Ohio,1089503873
Wood County,Ohio,1598510313
Wyandot County,Ohio,1053812243
Adair County,Oklahoma,1486277939
Alfalfa County,Oklahoma,2244392665
Atoka County,Oklahoma,2526393964
Beaver County,Oklahoma,4700407527
Beckham County,Oklahoma,2335338428
Blaine County,Oklahoma,2404772608
Bryan County,Oklahoma,2341975631
Caddo County,Oklahoma,3309366436
Canadian County,Oklahoma,2322131002
Carter County,Oklahoma,2129492350
Cherokee County,Oklahoma,1939904010
Choctaw County,Oklahoma,1995090099
Cimarron County,Oklahoma,4752131813
Cleveland County,Oklahoma,1395453713
Coal County,Oklahoma,1338427185
Comanche County,Oklahoma,2769653950
Cotton County,Oklahoma,1638512879
Craig County,Oklahoma,1971621943
Creek County,Oklahoma,2460107102
Custer County,Oklahoma,2560925953
Delaware County,Oklahoma,1911485747
Dewey County,Oklahoma,2589042126
Ellis County,Oklahoma,3189510402
Garfield County,Oklahoma,2741521308
Garvin County,Oklahoma,2077453378
Grady County,Oklahoma,2850386644
Grant County,Oklahoma,2591904428
Greer County,Oklahoma,1655732413
Harmon County,Oklahoma,1391491968
Harper County,Oklahoma,2689919308
Haskell County,Oklahoma,1493706599
Hughes County,Oklahoma,2083606775
Jackson County,Oklahoma,2078860509
Jefferson County,Oklahoma,1965685986
Johnston County,Oklahoma,1665488649
Kay County,Oklahoma,2381740395
Kingfisher County,Oklahoma,2326005907
Kiowa County,Oklahoma,2629039881
Latimer County,Oklahoma,1870210358
Le Flore County,Oklahoma,4115999004
Lincoln County,Oklahoma,2466630673
Logan County,Oklahoma,1926542719
Love County,Oklahoma,1331024899
McClain County,Oklahoma,1478150205
McCurtain County,Oklahoma,4793716602
McIntosh County,Oklahoma,1601359179
Major County,Oklahoma,2473438538
Marshall County,Oklahoma,962443215
Mayes County,Oklahoma,1697419131
Murray County,Oklahoma,1078402382
Muskogee County,Oklahoma,2099505908
Noble County,Oklahoma,1895660471
Nowata County,Oklahoma,1465460409
Okfuskee County,Oklahoma,1601767639
Oklahoma County,Oklahoma,1835932121
Okmulgee County,Oklahoma,1806373387
Osage County,Oklahoma,5818679077
Ottawa County,Oklahoma,1219409732
Pawnee County,Oklahoma,1472023155
Payne County,Oklahoma,1773885714
Pittsburg County,Oklahoma,3381281071
Pontotoc County,Oklahoma,1865835819
Pottawatomie County,Oklahoma,2040370700
Pushmataha County,Oklahoma,3614424104
Roger Mills County,Oklahoma,2955503143
Rogers County,Oklahoma,1749883768
Seminole County,Oklahoma,1639027599
Sequoyah County,Oklahoma,1744289208
Stephens County,Oklahoma,2253798301
Texas County,Oklahoma,5286873577
Tillman County,Oklahoma,2256226938
Tulsa County,Oklahoma,1476502056
Wagoner County,Oklahoma,1454748498
Washington County,Oklahoma,1076201559
Washita County,Oklahoma,2597989594
Woods County,Oklahoma,3331924479
Woodward County,Oklahoma,3218800597
Baker County,Oregon,7945996793
Benton County,Oregon,1748712549
Clackamas County,Oregon,4845035564
Clatsop County,Oregon,2144872198
Columbia County,Oregon,1704508477
Coos County,Oregon,4133803901
Crook County,Oregon,7715390842
Curry County,Oregon,4217488411
Deschutes County,Oregon,7815590704
Douglas County,Oregon,13042325534
Gilliam County,Oregon,3120213942
Grant County,Oregon,11726925903
Harney County,Oregon,26248072899
Hood River County,Oregon,1352203435
Jackson County,Oregon,7208597903
Jefferson County,Oregon,4615977076
Josephine County,Oregon,4244080709
Klamath County,Oregon,15391639810
Lake County,Oregon,21078875998
Lane County,Oregon,11800116009
Lincoln County,Oregon,2540784310
Linn County,Oregon,5923936549
Malheur County,Oregon,25609052021
Marion County,Oregon,3057633979
Morrow County,Oregon,5259046542
Multnomah County,Oregon,1116560269
Polk County,Oregon,1918983325
Sherman County,Oregon,2133151636
Tillamook County,Oregon,2855122940
Umatilla County,Oregon,8327974446
Union County,Oregon,5275651497
Wallowa County,Oregon,8147835329
Wasco County,Oregon,6167112266
Washington County,Oregon,1875859540
Wheeler County,Oregon,4444475023
Yamhill County,Oregon,1854169185
Adams County,Pennsylvania,1343396085
Allegheny County,Pennsylvania,1890994512
Armstrong County,Pennsylvania,1691756729
Beaver County,Pennsylvania,1125901370
Bedford County,Pennsylvania,2621851579
Berks County,Pennsylvania,2218082423
Blair County,Pennsylvania,1361819111
Bradford County,Pennsylvania,2971786846
Bucks County,Pennsylvania,1565393345
Butler County,Pennsylvania,2044946885
Cambria County,Pennsylvania,1782850495
Cameron County,Pennsylvania,1026233354
Carbon County,Pennsylvania,987432366
Centre County,Pennsylvania,2871502921
Chester County,Pennsylvania,1943860643
Clarion County,Pennsylvania,1556156290
Clearfield County,Pennsylvania,2964714508
Clinton County,Pennsylvania,2299868389
Columbia County,Pennsylvania,1250947317
Crawford County,Pennsylvania,2621848897
Cumberland County,Pennsylvania,1412783419
Dauphin County,Pennsylvania,1359456340
Delaware County,Pennsylvania,476078165
Elk County,Pennsylvania,2142883446
Erie County,Pennsylvania,2069551279
Fayette County,Pennsylvania,2047006949
Forest County,Pennsylvania,1106623930
Franklin County,Pennsylvania,2000245529
Fulton County,Pennsylvania,1133252791
Greene County,Pennsylvania,1491658067
Huntingdon County,Pennsylvania,2265337398
Indiana County,Pennsylvania,2142730129
Jefferson County,Pennsylvania,1689799802
Juniata County,Pennsylvania,1013695972
Lackawanna County,Pennsylvania,1188213226
Lancaster County,Pennsylvania,2444751463
Lawrence County,Pennsylvania,925211452
Lebanon County,Pennsylvania,937089776
Lehigh County,Pennsylvania,894308181
Luzerne County,Pennsylvania,2305001140
Lycoming County,Pennsylvania,3182485518
McKean County,Pennsylvania,2536067959
Mercer County,Pennsylvania,1741807476
Mifflin County,Pennsylvania,1064602268
Monroe County,Pennsylvania,1575379455
Montgomery County,Pennsylvania,1250877387
Montour County,Pennsylvania,337326257
Northampton County,Pennsylvania,957730763
Northumberland County,Pennsylvania,1186233370
Perry County,Pennsylvania,1428244411
Philadelphia County,Pennsylvania,347781835
Pike County,Pennsylvania,1411441244
Potter County,Pennsylvania,2800612694
Schuylkill County,Pennsylvania,2016645873
Snyder County,Pennsylvania,851544549
Somerset County,Pennsylvania,2782573989
Sullivan County,Pennsylvania,1165338429
Susquehanna County,Pennsylvania,2132844489
Tioga County,Pennsylvania,2936458661
Union County,Pennsylvania,818323461
Venango County,Pennsylvania,1746388602
Warren County,Pennsylvania,2289908286
Washington County,Pennsylvania,2219586746
Wayne County,Pennsylvania,1879296554
Westmoreland County,Pennsylvania,2662612862
Wyoming County,Pennsylvania,1029021857
York County,Pennsylvania,2342299893
Bristol County,Rhode Island,62502352
Kent County,Rhode Island,436581658
Newport County,Rhode Island,265311877
Providence County,Rhode Island,1060563703
Washington County,Rhode Island,852827550
Abbeville County,South Carolina,1272789833
Aiken County,South Carolina,2773048987
Allendale County,South Carolina,1056949844
Anderson County,South Carolina,1848871032
Bamberg County,South Carolina,1018815104
Barnwell County,South Carolina,1420294945
Beaufort County,South Carolina,1492221617
Berkeley County,South Carolina,2858491238
Calhoun County,South Carolina,987179026
Charleston County,South Carolina,2377463289
Cherokee County,South Carolina,1018735996
Chester County,South Carolina,1503905793
Chesterfield County,South Carolina,2069363225
Clarendon County,South Carolina,1572019537
Colleton County,South Carolina,2736271582
Darlington County,South Carolina,1451949379
Dillon County,South Carolina,1049118937
Dorchester County,South Carolina,1472651489
Edgefield County,South Carolina,1296926762
Fairfield County,South Carolina,1777521231
Florence County,South Carolina,2073312305
Georgetown County,South Carolina,2107975277
Greenville County,South Carolina,2033481265
Greenwood County,South Carolina,1177727678
Hampton County,South Carolina,1450327705
Horry County,South Carolina,2934453641
Jasper County,South Carolina,1696861246
Kershaw County,South Carolina,1881915806
Lancaster County,South Carolina,1422080330
Laurens County,South Carolina,1848641840
Lee County,South Carolina,1062372374
Lexington County,South Carolina,1810381403
McCormick County,South Carolina,930140100
Marion County,South Carolina,1267172614
Marlboro County,South Carolina,1242867241
Newberry County,South Carolina,1631805739
Oconee County,South Carolina,1622673901
Orangeburg County,South Carolina,2865422661
Pickens County,South Carolina,1287165247
Richland County,South Carolina,1961464846
Saluda County,South Carolina,1173136866
Spartanburg County,South Carolina,2092048331
Sumter County,South Carolina,1722533207
Union County,South Carolina,1331696510
Williamsburg County,South Carolina,2419477548
York County,South Carolina,1762934643
Aurora County,South Dakota,1834902865
Beadle County,South Dakota,3260040834
Bennett County,South Dakota,3068207886
Bon Homme County,South Dakota,1459586264
Brookings County,South Dakota,2051856894
Brown County,South Dakota,4436728163
Brule County,South Dakota,2116643978
Buffalo County,South Dakota,1220933807
Butte County,South Dakota,5827518214
Campbell County,South Dakota,1900214169
Charles Mix County,South Dakota,2842481185
Clark County,South Dakota,2480181884
Clay County,South Dakota,1067154439
Codington County,South Dakota,1780837047
Corson County,South Dakota,6396478457
Custer County,South Dakota,4032473656
Davison County,South Dakota,1128284964
Day County,South Dakota,2663788603
Deuel County,South Dakota,1612885709
Dewey County,South Dakota,5963417247
Douglas County,South Dakota,1118358762
Edmunds County,South Dakota,2916276415
Fall River County,South Dakota,4506292097
Faulk County,South Dakota,2542569585
Grant County,South Dakota,1764937242
Gregory County,South Dakota,2628707453
Haakon County,South Dakota,4689279880
Hamlin County,South Dakota,1313016440
Hand County,South Dakota,3720905364
Hanson County,South Dakota,1125574352
Harding County,South Dakota,6919333233
Hughes County,South Dakota,1920546202
Hutchinson County,South Dakota,2105694681
Hyde County,South Dakota,2229019817
Jackson County,South Dakota,4827433523
Jerauld County,South Dakota,1362677263
Jones County,South Dakota,2511438721
Kingsbury County,South Dakota,2155483578
Lake County,South Dakota,1457881926
Lawrence County,South Dakota,2072127357
Lincoln County,South Dakota,1495182122
Lyman County,South Dakota,4253139889
McCook County,South Dakota,1487184878
McPherson County,South Dakota,2943892840
Marshall County,South Dakota,2170724143
Meade County,South Dakota,8989677189
Mellette County,South Dakota,3385957222
Miner County,South Dakota,1476734131
Minnehaha County,South Dakota,2089691755
Moody County,South Dakota,1345196858
Oglala Lakota County,South Dakota,5422402161
Pennington County,South Dakota,7191788460
Perkins County,South Dakota,7434457143
Potter County,South Dakota,2230336531
Roberts County,South Dakota,2851702828
Sanborn County,South Dakota,1474346388
Spink County,South Dakota,3894077295
Stanley County,South Dakota,3741060733
Sully County,South Dakota,2607399720
Todd County,South Dakota,3596445667
Tripp County,South Dakota,4176247415
Turner County,South Dakota,1598188442
Union County,South Dakota,1193354526
Walworth County,South Dakota,1835374267
Yankton County,South Dakota,1349873585
Ziebach County,South Dakota,5079588972
Anderson County,Tennessee,873352567
Bedford County,Tennessee,1226719779
Benton County,Tennessee,1021248370
Bledsoe County,Tennessee,1052644812
Blount County,Tennessee,1447336318
Bradley County,Tennessee,851489145
Campbell County,Tennessee,1243685300
Cannon County,Tennessee,687992430
Carroll County,Tennessee,1547925981
Carter County,Tennessee,883854966
Cheatham County,Tennessee,783535609
Chester County,Tennessee,740053453
Claiborne County,Tennessee,1125609180
Clay County,Tennessee,612626856
Cocke County,Tennessee,1129584564
Coffee County,Tennessee,1111010383
Crockett County,Tennessee,687714853
Cumberland County,Tennessee,1764645664
Davidson County,Tennessee,1303934398
Decatur County,Tennessee,864739794
DeKalb County,Tennessee,788430955
Dickson County,Tennessee,1268830627
Dyer County,Tennessee,1326983955
Fayette County,Tennessee,1825359642
Fentress County,Tennessee,1291416706
Franklin County,Tennessee,1436135352
Gibson County,Tennessee,1561102696
Giles County,Tennessee,1582304830
Grainger County,Tennessee,726715762
Greene County,Tennessee,1611409740
Grundy County,Tennessee,933545817
Hamblen County,Tennessee,417477308
Hamilton County,Tennessee,1404722581
Hancock County,Tennessee,575816109
Hardeman County,Tennessee,1729446895
Hardin County,Tennessee,1495273054
Hawkins County,Tennessee,1261465131
Haywood County,Tennessee,1380741545
Henderson County,Tennessee,1346816748
Henry County,Tennessee,1455320363
Hickman County,Tennessee,1586324709
Houston County,Tennessee,518758194
Humphreys County,Tennessee,1374668729
Jackson County,Tennessee,799341509
Jefferson County,Tennessee,712435058
Johnson County,Tennessee,772956182
Knox County,Tennessee,1316558817
Lake County,Tennessee,429381243
Lauderdale County,Tennessee,1222389174
Lawrence County,Tennessee,1598359112
Lewis County,Tennessee,730614737
Lincoln County,Tennessee,1477179212
Loudon County,Tennessee,593811362
McMinn County,Tennessee,1113997270
McNairy County,Tennessee,1457753398
Macon County,Tennessee,795498353
Madison County,Tennessee,1443073936
Marion County,Tennessee,1290472802
Marshall County,Tennessee,972442320
Maury County,Tennessee,1588022042
Meigs County,Tennessee,505397665
Monroe County,Tennessee,1646657184
Montgomery County,Tennessee,1396430597
Moore County,Tennessee,334684848
Morgan County,Tennessee,1352439675
Obion County,Tennessee,1411148390
Overton County,Tennessee,1122721528
Perry County,Tennessee,1074228439
Pickett County,Tennessee,422113138
Polk County,Tennessee,1125622729
Putnam County,Tennessee,1038860580
Rhea County,Tennessee,816838004
Roane County,Tennessee,934357847
Robertson County,Tennessee,1233648335
Rutherford County,Tennessee,1603892757
Scott County,Tennessee,1378652164
Sequatchie County,Tennessee,688550851
Sevier County,Tennessee,1534538395
Shelby County,Tennessee,1977610549
Smith County,Tennessee,814020539
Stewart County,Tennessee,1190814525
Sullivan County,Tennessee,1070743305
Sumner County,Tennessee,1371288348
Tipton County,Tennessee,1187273255
Trousdale County,Tennessee,296143584
Unicoi County,Tennessee,481902940
Union County,Tennessee,579064833
Van Buren County,Tennessee,708142417
Warren County,Tennessee,1120619143
Washington County,Tennessee,845605992
Wayne County,Tennessee,1901333915
Weakley County,Tennessee,1503107848
White County,Tennessee,975592111
Williamson County,Tennessee,1509623740
Wilson County,Tennessee,1479110611
Anderson County,Texas,2752201306
Andrews County,Texas,3886850260
Angelina County,Texas,2066264544
Aransas County,Texas,652856775
Archer County,Texas,2339508173
Armstrong County,Texas,2354581674
Atascosa County,Texas,3158596631
Austin County,Texas,1674405698
Bailey County,Texas,2141847187
Bandera County,Texas,2048666866
Bastrop County,Texas,2300439612
Baylor County,Texas,2246764582
Bee County,Texas,2279809490
Bell County,Texas,2723084632
Bexar County,Texas,3212379601
Blanco County,Texas,1836953627
Borden County,Texas,2324366073
Bosque County,Texas,2545908140
Bowie County,Texas,2292144474
Brazoria County,Texas,3530854236
Brazos County,Texas,1518090963
Brewster County,Texas,16015869882
Briscoe County,Texas,2330991073
Brooks County,Texas,2443277014
Brown County,Texas,2446120247
Burleson County,Texas,1706888861
Burnet County,Texas,2575162935
Caldwell County,Texas,1412165279
Calhoun County,Texas,1312707005
Callahan County,Texas,2329363239
Cameron County,Texas,2309341040
Camp County,Texas,507242994
Carson County,Texas,2383397227
Cass County,Texas,2426730190
Castro County,Texas,2316600395
Chambers County,Texas,1546618329
Cherokee County,Texas,2727141730
Childress County,Texas,1803954627
Clay County,Texas,2819870186
Cochran County,Texas,2007453828
Coke County,Texas,2361153195
Coleman County,Texas,3270933226
Collin County,Texas,2179221397
Collingsworth County,Texas,2378749928
Colorado County,Texas,2487129887
Comal County,Texas,1449162144
Comanche County,Texas,2428768921
Concho County,Texas,2547914005
Cooke County,Texas,2265770199
Coryell County,Texas,2725181904
Cottle County,Texas,2332448739
Crane County,Texas,2033319695
Crockett County,Texas,7270935061
Crosby County,Texas,2331503429
Culberson County,Texas,9873439554
Dallam County,Texas,3893095083
Dallas County,Texas,2259439988
Dawson County,Texas,2331781561
Deaf Smith County,Texas,3876750566
Delta County,Texas,665192113
Denton County,Texas,2278094573
DeWitt County,Texas,2354237927
Dickens County,Texas,2335454676
Dimmit County,Texas,3441795367
Donley County,Texas,2400676101
Duval County,Texas,4645084675
Eastland County,Texas,2399644792
Ector County,Texas,2325322369
Edwards County,Texas,5485259735
Ellis County,Texas,2423348506
El Paso County,Texas,2624297650
Erath County,Texas,2805417368
Falls County,Texas,1982545002
Fannin County,Texas,2307251018
Fayette County,Texas,2460316895
Fisher County,Texas,2328272102
Floyd County,Texas,2569637283
Foard County,Texas,1824378631
Fort Bend County,Texas,2231956074
Franklin County,Texas,736570305
Freestone County,Texas,2273311879
Frio County,Texas,2935753506
Gaines County,Texas,3891105258
Galveston County,Texas,981349683
Garza County,Texas,2313930832
Gillespie County,Texas,2740729668
Glasscock County,Texas,2331552974
Goliad County,Texas,2206698610
Gonzales County,Texas,2762704862
Gray County,Texas,2398261679
Grayson County,Texas,2416026291
Gregg County,Texas,708052199
Grimes County,Texas,2039529235
Guadalupe County,Texas,1842136094
Hale County,Texas,2602109427
Hall County,Texas,2288233615
Hamilton County,Texas,2165008734
Hansford County,Texas,2382296646
Hardeman County,Texas,1800337392
Hardin County,Texas,2306612357
Harris County,Texas,4418909573
Harrison County,Texas,2331138836
Hartley County,Texas,3786435508
Haskell County,Texas,2339103809
Hays County,Texas,1756075985
Hemphill County,Texas,2347270020
Henderson County,Texas,2263013491
Hidalgo County,Texas,4068395785
Hill County,Texas,2483426715
Hockley County,Texas,2352723915
Hood County,Texas,1089630253
Hopkins County,Texas,1987629163
Houston County,Texas,3188278910
Howard County,Texas,2333039143
Hudspeth County,Texas,11837605308
Hunt County,Texas,2176665528
Hutchinson County,Texas,2298408152
Irion County,Texas,2723485995
Jack County,Texas,2359323752
Jackson County,Texas,2148246695
Jasper County,Texas,2431105363
Jeff Davis County,Texas,5865172239
Jefferson County,Texas,2269793077
Jim Hogg County,Texas,2942674728
Jim Wells County,Texas,2240779223
Johnson County,Texas,1877798304
Jones County,Texas,2404986877
Karnes County,Texas,1936008333
Kaufman County,Texas,2021977077
Kendall County,Texas,1715747627
Kenedy County,Texas,3777375652
Kent County,Texas,2337482037
Kerr County,Texas,2857603410
Kimble County,Texas,3240035979
King County,Texas,2359148814
Kinney County,Texas,3522525626
Kleberg County,Texas,2282572445
Knox County,Texas,2203098612
Lamar County,Texas,2349626845
Lamb County,Texas,2631897589
Lampasas County,Texas,1846250642
La Salle County,Texas,3850545737
Lavaca County,Texas,2511535250
Lee County,Texas,1629158370
Leon County,Texas,2779462025
Liberty County,Texas,3000095674
Limestone County,Texas,2345053175
Lipscomb County,Texas,2414422645
Live Oak County,Texas,2692796906
Llano County,Texas,2419185654
Loving County,Texas,1732230054
Lubbock County,Texas,2319592469
Lynn County,Texas,2309924849
McCulloch County,Texas,2759893535
McLennan County,Texas,2686203607
McMullen County,Texas,2952065878
Madison County,Texas,1207103453
Marion County,Texas,986485096
Martin County,Texas,2369724587
Mason County,Texas,2405674102
Matagorda County,Texas,2830603629
Maverick County,Texas,3313817729
Medina County,Texas,3432663443
Menard County,Texas,2336237982
Midland County,Texas,2331915364
Milam County,Texas,2633815931
Mills County,Texas,1937867073
Mitchell County,Texas,2359710929
Montague County,Texas,2411034607
Montgomery County,Texas,2699517016
Moore County,Texas,2330207191
Morris County,Texas,652649031
Motley County,Texas,2562963902
Nacogdoches County,Texas,2451572329
Navarro County,Texas,2614975609
Newton County,Texas,2418212542
Nolan County,Texas,2362061742
Nueces County,Texas,2171176848
Ochiltree County,Texas,2376792059
Oldham County,Texas,3886337115
Orange County,Texas,864501083
Palo Pinto County,Texas,2467090693
Panola County,Texas,2101400909
Parker County,Texas,2340624036
Parmer County,Texas,2281312149
Pecos County,Texas,12338274936
Polk County,Texas,2737733237
Potter County,Texas,2352718727
Presidio County,Texas,9985057448
Rains County,Texas,594280898
Randall County,Texas,2361896543
Reagan County,Texas,3044049120
Real County,Texas,1810812868
Red River County,Texas,2703626782
Reeves County,Texas,6825534320
Refugio County,Texas,1995545556
Roberts County,Texas,2393298442
Robertson County,Texas,2214719307
Rockwall County,Texas,329224077
Runnels County,Texas,2722259325
Rusk County,Texas,2393244509
Sabine County,Texas,1273523414
San Augustine County,Texas,1374395183
San Jacinto County,Texas,1474332268
San Patricio County,Texas,1795990944
San Saba County,Texas,2940447162
Schleicher County,Texas,3394546067
Scurry County,Texas,2345090477
Shackelford County,Texas,2367989254
Shelby County,Texas,2060566172
Sherman County,Texas,2390195608
Smith County,Texas,2386604273
Somervell County,Texas,482948955
Starr County,Texas,3168019238
Stephens County,Texas,2322497228
Sterling County,Texas,2391722770
Stonewall County,Texas,2373238700
Sutton County,Texas,3765674776
Swisher County,Texas,2305502705
Tarrant County,Texas,2236863682
Taylor County,Texas,2371228266
Terrell County,Texas,6107081791
Terry County,Texas,2302083289
Throckmorton County,Texas,2363499444
Titus County,Texas,1051697794
Tom Green County,Texas,3941965407
Travis County,Texas,2569870978
Trinity County,Texas,1796924637
Tyler County,Texas,2394158696
Upshur County,Texas,1509910856
Upton County,Texas,3215010598
Uvalde County,Texas,4019455750
Val Verde County,Texas,8144863666
Van Zandt County,Texas,2182248065
Victoria County,Texas,2284644911
Walker County,Texas,2031124893
Waller County,Texas,1329330074
Ward County,Texas,2164201060
Washington County,Texas,1564854987
Webb County,Texas,8706186717
Wharton County,Texas,2813117310
Wheeler County,Texas,2368629213
Wichita County,Texas,1625459969
Wilbarger County,Texas,2514738098
Willacy County,Texas,1529652132
Williamson County,Texas,2896486658
Wilson County,Texas,2081662852
Winkler County,Texas,2178876165
Wise County,Texas,2342369030
Wood County,Texas,1671170961
Yoakum County,Texas,2071252476
Young County,Texas,2368539760
Zapata County,Texas,2585876219
Zavala County,Texas,3360268878
Beaver County,Utah,6689681828
Box Elder County,Utah,14881016779
Cache County,Utah,3016638914
Carbon County,Utah,3831067717
Daggett County,Utah,1805185914
Davis County,Utah,774573895
Duchesne County,Utah,8379502732
Emery County,Utah,11557242836
Garfield County,Utah,13403572592
Grand County,Utah,9512361695
Iron County,Utah,8537474393
Juab County,Utah,8784407524
Kane County,Utah,10333912584
Millard County,Utah,17574363583
Morgan County,Utah,1577739404
Piute County,Utah,1964345824
Rich County,Utah,2664700960
Salt Lake County,Utah,1921943552
San Juan County,Utah,20253296804
Sanpete County,Utah,4117901464
Sevier County,Utah,4948000018
Summit County,Utah,4844777278
Tooele County,Utah,17979556883
Uintah County,Utah,11609319514
Utah County,Utah,5190511352
Wasatch County,Utah,3048454179
Washington County,Utah,6287037025
Wayne County,Utah,6374011496
Weber County,Utah,1492536927
Addison County,Vermont,1984780267
Bennington County,Vermont,1748232505
Caledonia County,Vermont,1680952571
Chittenden County,Vermont,1389750174
Essex County,Vermont,1718713996
Franklin County,Vermont,1642369811
Grand Isle County,Vermont,211881634
Lamoille County,Vermont,1188468700
Orange County,Vermont,1779395566
Orleans County,Vermont,1796347026
Rutland County,Vermont,2408219235
Washington County,Vermont,1779432159
Windham County,Vermont,2034457838
Windsor County,Vermont,2511196442
Accomack County,Virginia,1163708393
Albemarle County,Virginia,1866007829
Alleghany County,Virginia,1156608818
Amelia County,Virginia,920379346
Amherst County,Virginia,1227554628
Appomattox County,Virginia,865622498
Arlington County,Virginia,67332991
Augusta County,Virginia,2504708348
Bath County,Virginia,1370626056
Bedford County,Virginia,1968605128
Bland County,Virginia,926311270
Botetourt County,Virginia,1401900525
Brunswick County,Virginia,1466538259
Buchanan County,Virginia,1302386904
Buckingham County,Virginia,1501215438
Campbell County,Virginia,1303300941
Caroline County,Virginia,1366502847
Carroll County,Virginia,1229582397
Charles City County,Virginia,473711563
Charlotte County,Virginia,1231010119
Chesterfield County,Virginia,1097006029
Clarke County,Virginia,455664148
Craig County,Virginia,849770459
Culpeper County,Virginia,982089164
Cumberland County,Virginia,770525893
Dickenson County,Virginia,855863022
Dinwiddie County,Virginia,1305053884
Essex County,Virginia,665855329
Fairfax County,Virginia,1012703532
Fauquier County,Virginia,1678327963
Floyd County,Virginia,986585626
Fluvanna County,Virginia,743630413
Franklin County,Virginia,1788703111
Frederick County,Virginia,1070102010
Giles County,Virginia,925205239
Gloucester County,Virginia,564124717
Goochland County,Virginia,726830013
Grayson County,Virginia,1144218808
Greene County,Virginia,403865093
Greensville County,Virginia,764634553
Halifax County,Virginia,2117913131
Hanover County,Virginia,1211818311
Henrico County,Virginia,605218124
Henry County,Virginia,990284619
Highland County,Virginia,1075266902
Isle of Wight County,Virginia,817607278
James City County,Virginia,368724192
King and Queen County,Virginia,816268317
King George County,Virginia,465234034
King William County,Virginia,709469217
Lancaster County,Virginia,345238878
Lee County,Virginia,1127622392
Loudoun County,Virginia,1335826412
Louisa County,Virginia,1284976751
Lunenburg County,Virginia,1118097709
Madison County,Virginia,830447699
Mathews County,Virginia,222506456
Mecklenburg County,Virginia,1619544361
Middlesex County,Virginia,337554148
Montgomery County,Virginia,1001921573
Nelson County,Virginia,1219224530
New Kent County,Virginia,543990076
Northampton County,Virginia,548349606
Northumberland County,Virginia,495828046
Nottoway County,Virginia,814265583
Orange County,Virginia,883475383
Page County,Virginia,802949703
Patrick County,Virginia,1250846143
Pittsylvania County,Virginia,2509705662
Powhatan County,Virginia,673927665
Prince Edward County,Virginia,906395971
Prince George County,Virginia,687232237
Prince William County,Virginia,869574665
Pulaski County,Virginia,828377036
Rappahannock County,Virginia,689900924
Richmond County,Virginia,495925425
Roanoke County,Virginia,648906307
Rockbridge County,Virginia,1545038073
Rockingham County,Virginia,2200943610
Russell County,Virginia,1226420311
Scott County,Virginia,1387786298
Shenandoah County,Virginia,1315900415
Smyth County,Virginia,1168992137
Southampton County,Virginia,1551909771
Spotsylvania County,Virginia,1039889019
Stafford County,Virginia,697237202
Surry County,Virginia,722475750
Sussex County,Virginia,1269679003
Tazewell County,Virginia,1343661944
Warren County,Virginia,555641045
Washington County,Virginia,1453399740
Westmoreland County,Virginia,593950700
Wise County,Virginia,1044903124
Wythe County,Virginia,1196377810
York County,Virginia,270935371
Alexandria city,Virginia,38679383
Bristol city,Virginia,33420176
Buena Vista city,Virginia,16674748
Charlottesville city,Virginia,26533570
Chesapeake city,Virginia,876737871
Colonial Heights city,Virginia,19475232
Covington city,Virginia,14163842
Danville city,Virginia,110844523
Emporia city,Virginia,17881071
Fairfax city,Virginia,16162729
Falls Church city,Virginia,5300262
Franklin city,Virginia,21438217
Fredericksburg city,Virginia,27067167
Galax city,Virginia,21332076
Hampton city,Virginia,133275943
Harrisonburg city,Virginia,44908386
Hopewell city,Virginia,26817671
Lexington city,Virginia,6473000
Lynchburg city,Virginia,126842532
Manassas city,Virginia,25509473
Manassas Park city,Virginia,6538719
Martinsville city,Virginia,28376610
Newport News city,Virginia,178689012
Norfolk city,Virginia,137981426
Norton city,Virginia,19366113
Petersburg city,Virginia,58845276
Poquoson city,Virginia,39837595
Portsmouth city,Virginia,86248210
Radford city,Virginia,25061727
Richmond city,Virginia,155199987
Roanoke city,Virginia,110129457
Salem city,Virginia,37602710
Staunton city,Virginia,51593819
Suffolk city,Virginia,1033802703
Virginia Beach city,Virginia,633828557
Waynesboro city,Virginia,38771594
Williamsburg city,Virginia,23155310
Winchester city,Virginia,23809495
Adams County,Washington,4985698857
Asotin County,Washington,1647427904
Benton County,Washington,4403230415
Chelan County,Washington,7565817923
Clallam County,Washington,4503168731
Clark County,Washington,1627765527
Columbia County,Washington,2249624769
Cowlitz County,Washington,2955625058
Douglas County,Washington,4711869840
Ferry County,Washington,5706361267
Franklin County,Washington,3215718490
Garfield County,Washington,1841054899
Grant County,Washington,6939874184
Grays Harbor County,Washington,4924766221
Island County,Washington,540043816
Jefferson County,Washington,4671624000
King County,Washington,5478557088
Kitsap County,Washington,1023372595
Kittitas County,Washington,5950002896
Klickitat County,Washington,4847515963
Lewis County,Washington,6223179711
Lincoln County,Washington,5984421213
Mason County,Washington,2485238914
Okanogan County,Washington,13639362794
Pacific County,Washington,2418037181
Pend Oreille County,Washington,3626653301
Pierce County,Washington,4320226613
San Juan County,Washington,450429127
Skagit County,Washington,4481252102
Skamania County,Washington,4294930645
Snohomish County,Washington,5404072228
Spokane County,Washington,4568463940
Stevens County,Washington,6416424160
Thurston County,Washington,1871240012
Wahkiakum County,Washington,680962890
Walla Walla County,Washington,3289368965
Whatcom County,Washington,5459374970
Whitman County,Washington,5592461103
Yakima County,Washington,11122733955
Barbour County,West Virginia,883338380
Berkeley County,West Virginia,831770844
Boone County,West Virginia,1298967362
Braxton County,West Virginia,1322796519
Brooke County,West Virginia,231015798
Cabell County,West Virginia,727837358
Calhoun County,West Virginia,723252961
Clay County,West Virginia,885617251
Doddridge County,West Virginia,828078405
Fayette County,West Virginia,1713569366
Gilmer County,West Virginia,876717626
Grant County,West Virginia,1236388353
Greenbrier County,West Virginia,2641303483
Hampshire County,West Virginia,1658633563
Hancock County,West Virginia,213957103
Hardy County,West Virginia,1508191847
Harrison County,West Virginia,1077454934
Jackson County,West Virginia,1202685084
Jefferson County,West Virginia,542073026
Kanawha County,West Virginia,2335215669
Lewis County,West Virginia,1002141346
Lincoln County,West Virginia,1131929493
Logan County,West Virginia,1175258983
McDowell County,West Virginia,1381648552
Marion County,West Virginia,799666879
Marshall County,West Virginia,791063492
Mason County,West Virginia,1115682321
Mercer County,West Virginia,1085106039
Mineral County,West Virginia,849172613
Mingo County,West Virginia,1095926641
Monongalia County,West Virginia,932631311
Monroe County,West Virginia,1224426776
Morgan County,West Virginia,593295473
Nicholas County,West Virginia,1675324339
Ohio County,West Virginia,274098954
Pendleton County,West Virginia,1802759655
Pleasants County,West Virginia,337007574
Pocahontas County,West Virginia,2435206760
Preston County,West Virginia,1680419586
Putnam County,West Virginia,895302723
Raleigh County,West Virginia,1567869626
Randolph County,West Virginia,2692810851
Ritchie County,West Virginia,1170648846
Roane County,West Virginia,1252422373
Summers County,West Virginia,933930185
Taylor County,West Virginia,447475051
Tucker County,West Virginia,1085320037
Tyler County,West Virginia,663818549
Upshur County,West Virginia,918506902
Wayne County,West Virginia,1310550727
Webster County,West Virginia,1433481441
Wetzel County,West Virginia,927389120
Wirt County,West Virginia,602201079
Wood County,West Virginia,949251416
Wyoming County,West Virginia,1293620915
Adams County,Wisconsin,1672216056
Ashland County,Wisconsin,2706476265
Barron County,Wisconsin,2235266753
Bayfield County,Wisconsin,3827675487
Brown County,Wisconsin,1372933170
Buffalo County,Wisconsin,1750289306
Burnett County,Wisconsin,2127832846
Calumet County,Wisconsin,824344287
Chippewa County,Wisconsin,2611628480
Clark County,Wisconsin,3133097725
Columbia County,Wisconsin,1982756265
Crawford County,Wisconsin,1477970890
Dane County,Wisconsin,3098882969
Dodge County,Wisconsin,2268044939
Door County,Wisconsin,1248277426
Douglas County,Wisconsin,3378102279
Dunn County,Wisconsin,2201905281
Eau Claire County,Wisconsin,1652211280
Florence County,Wisconsin,1264232458
Fond du Lac County,Wisconsin,1863667187
Forest County,Wisconsin,2626878506
Grant County,Wisconsin,2970402180
Green County,Wisconsin,1512667089
Green Lake County,Wisconsin,905314776
Iowa County,Wisconsin,1975379914
Iron County,Wisconsin,1963751253
Jackson County,Wisconsin,2558687761
Jefferson County,Wisconsin,1441306090
Juneau County,Wisconsin,1986729546
Kenosha County,Wisconsin,704075246
Kewaunee County,Wisconsin,886951818
La Crosse County,Wisconsin,1170076618
Lafayette County,Wisconsin,1640985427
Langlade County,Wisconsin,2255098198
Lincoln County,Wisconsin,2275832611
Manitowoc County,Wisconsin,1526291643
Marathon County,Wisconsin,4001992795
Marinette County,Wisconsin,3624599219
Marquette County,Wisconsin,1180288193
Menominee County,Wisconsin,926217566
Milwaukee County,Wisconsin,625435232
Monroe County,Wisconsin,2333329706
Oconto County,Wisconsin,2583464365
Oneida County,Wisconsin,2885097073
Outagamie County,Wisconsin,1651320404
Ozaukee County,Wisconsin,603514427
Pepin County,Wisconsin,600894494
Pierce County,Wisconsin,1486700515
Polk County,Wisconsin,2368077716
Portage County,Wisconsin,2074258117
Price County,Wisconsin,3247987842
Racine County,Wisconsin,861403264
Richland County,Wisconsin,1518120262
Rock County,Wisconsin,1859985958
Rusk County,Wisconsin,2366092053
St. Croix County,Wisconsin,1871147432
Sauk County,Wisconsin,2153685971
Sawyer County,Wisconsin,3257235817
Shawano County,Wisconsin,2313441748
Sheboygan County,Wisconsin,1324851059
Taylor County,Wisconsin,2525371159
Trempealeau County,Wisconsin,1898472769
Vernon County,Wisconsin,2050135745
Vilas County,Wisconsin,2221451557
Walworth County,Wisconsin,1438529014
Washburn County,Wisconsin,2064515990
Washington County,Wisconsin,1115362196
Waukesha County,Wisconsin,1423770516
Waupaca County,Wisconsin,1936517513
Waushara County,Wisconsin,1621751247
Winnebago County,Wisconsin,1125859768
Wood County,Wisconsin,2053901351
Albany County,Wyoming,11070455501
Big Horn County,Wyoming,8124681755
Campbell County,Wyoming,12437291887
Carbon County,Wyoming,20455215112
Converse County,Wyoming,11020303973
Crook County,Wyoming,7393068935
Fremont County,Wyoming,23785388828
Goshen County,Wyoming,5764311422
Hot Springs County,Wyoming,5191447312
Johnson County,Wyoming,10759204099
Laramie County,Wyoming,6956354974
Lincoln County,Wyoming,10555073735
Natrona County,Wyoming,13831928329
Niobrara County,Wyoming,6801380673
Park County,Wyoming,17972027717
Platte County,Wyoming,5390926633
Sheridan County,Wyoming,6535475106
Sublette County,Wyoming,12655929028
Sweetwater County,Wyoming,27005754251
Teton County,Wyoming,10351784298
Uinta County,Wyoming,5391631765
Washakie County,Wyoming,5798138761
Weston County,Wyoming,6210804117
